,IPSrcType,IPDstType,Dur,Proto,sTos,dTos,OutBytes,InBytes,TotPkts,TotBytes,BytesPerSec,BytesPerPkt,PktsPerSec,RatioOutIn,State_ACC,State_CLO,State_CON,State_FIN,State_INT,State_REQ,State_RST,->,>,  <->,<-,<->,SrcPort_Private,SrcPort_Registered,SrcPort_Well_Known,DstPort_Private,DstPort_Registered,DstPort_Well_Known,Label
223,0,0,0.4085,0,0.0,0.0,930,470,15,1400,3427.172582619339,93.33333333333331,36.719706242350064,1.9787234042553192,0,0,0,1,0,0,0,1,0,0,0,0,0,1,0,0,0,1,1
520,0,0,2.922299,0,0.0,0.0,248,0,4,248,84.86469043722083,62.0,1.368785329632594,88.58003629764065,0,0,0,0,0,1,0,1,0,0,0,0,0,1,0,0,1,0,1
577,0,0,8.841888,0,0.0,0.0,2642,1806,27,4448,503.05997994998353,164.7407407407407,3.0536464610273284,1.4629014396456257,0,0,0,1,0,0,0,1,0,0,0,0,0,1,0,1,0,0,1
974,0,0,1.0085879999999998,0,0.0,0.0,372,180,9,552,547.2997894085594,61.33333333333334,8.923366131661295,2.066666666666667,0,0,0,0,0,0,1,1,0,0,0,0,0,1,0,0,0,1,1
1290,0,0,1.009514,0,0.0,0.0,372,180,9,552,546.7977660537645,61.33333333333334,8.915180968267899,2.066666666666667,0,0,0,0,0,0,1,1,0,0,0,0,0,1,0,0,0,1,1
1350,0,0,8.933755999999997,0,0.0,0.0,372,0,6,372,41.639820921905645,62.0,0.6716100148694459,88.58003629764065,0,0,0,0,0,1,0,1,0,0,0,0,0,1,0,0,1,0,1
1483,0,0,2.984171,0,0.0,0.0,248,0,4,248,83.10515717765503,62.0,1.34040576092992,88.58003629764065,0,0,0,0,0,1,0,1,0,0,0,0,0,1,0,0,1,0,1
1497,0,0,1.008885,0,0.0,0.0,372,180,9,552,547.1386728913602,61.33333333333334,8.920739231924351,2.066666666666667,0,0,0,0,0,0,1,1,0,0,0,0,0,1,0,0,0,1,1
1645,0,0,0.224552,0,0.0,0.0,2002,1031,15,3033,13506.893726174785,202.2,66.79967223627489,1.94180407371484,0,0,0,1,0,0,0,1,0,0,0,0,0,1,0,0,0,1,1
1859,0,0,1.3580290000000002,0,0.0,0.0,2452,1296,25,3748,2759.882152737533,149.92,18.409032502251424,1.8919753086419755,0,0,0,1,0,0,0,1,0,0,0,0,0,1,0,1,0,0,1
1889,0,0,2.953114,0,0.0,0.0,248,0,4,248,83.97914879005688,62.0,1.3545023998396268,88.58003629764065,0,0,0,0,0,1,0,1,0,0,0,0,0,1,0,0,1,0,1
1993,0,0,1.56792,0,0.0,0.0,4802,21852,42,26654,16999.591815908974,634.6190476190476,26.787080973519053,0.21975105253523705,0,0,0,1,0,0,0,1,0,0,0,0,0,1,0,0,0,1,1
2003,0,0,1.009098,0,0.0,0.0,372,180,9,552,547.0231830803351,61.33333333333334,8.918856245875029,2.066666666666667,0,0,0,0,0,0,1,1,0,0,0,0,0,1,0,0,0,1,1
2083,0,0,1.008262,0,0.0,0.0,372,180,9,552,547.4767471153331,61.33333333333334,8.926251311663039,2.066666666666667,0,0,0,0,0,0,1,1,0,0,0,0,0,1,0,0,0,1,1
2162,0,0,2.8214189999999997,0,0.0,0.0,9244,1636,43,10880,3856.215613490942,253.02325581395348,15.240558031260154,5.65036674816626,0,0,0,1,0,0,0,1,0,0,0,0,0,1,0,1,0,0,1
2223,0,0,1.0088489999999999,0,0.0,0.0,372,180,9,552,547.1581971137405,61.33333333333334,8.921057561637072,2.066666666666667,0,0,0,0,0,0,1,1,0,0,0,0,0,1,0,0,0,1,1
2488,0,0,1.012994,0,0.0,0.0,372,180,9,552,544.9193183770092,61.33333333333334,8.884554103972976,2.066666666666667,0,0,0,0,0,0,1,1,0,0,0,0,0,1,0,0,0,1,1
2515,0,0,2.963673,0,0.0,0.0,248,0,4,248,83.67994714666564,62.0,1.3496765668817041,88.58003629764065,0,0,0,0,0,1,0,1,0,0,0,0,0,1,0,0,1,0,1
2557,0,0,1.242843,0,0.0,0.0,372,180,9,552,444.1429850753474,61.33333333333334,7.241461713185012,2.066666666666667,0,0,0,0,0,0,1,1,0,0,0,0,0,1,0,0,0,1,1
2619,0,0,2.933331,0,0.0,0.0,248,0,4,248,84.54552179757415,62.0,1.3636374483479703,88.58003629764065,0,0,0,0,0,1,0,1,0,0,0,0,0,1,0,0,1,0,1
2715,0,0,5.303843,0,0.0,0.0,5314,2044,54,7358,1387.2959663398785,136.2592592592593,10.181296844571003,2.5998043052837567,0,0,0,1,0,0,0,1,0,0,0,0,0,1,0,0,0,1,1
2750,0,0,1.157729,0,0.0,0.0,372,180,9,552,476.79551950413264,61.33333333333334,7.773839991915207,2.066666666666667,0,0,0,0,0,0,1,1,0,0,0,0,0,1,0,0,0,1,1
2751,0,0,1.008789,0,0.0,0.0,372,180,9,552,547.1907405810333,61.33333333333334,8.921588161647282,2.066666666666667,0,0,0,0,0,0,1,1,0,0,0,0,0,1,0,0,0,1,1
2945,0,0,1.00901,0,0.0,0.0,372,180,9,552,547.0708912696604,61.33333333333334,8.919634096787943,2.066666666666667,0,0,0,0,0,0,1,1,0,0,0,0,0,1,0,0,0,1,1
3069,0,0,2.964159,0,0.0,0.0,248,0,4,248,83.66622708161067,62.0,1.3494552755098497,88.58003629764065,0,0,0,0,0,1,0,1,0,0,0,0,0,1,0,0,1,0,1
3135,0,0,2.894693,0,0.0,0.0,2452,1249,25,3701,1278.546636897246,148.04,8.636494439997609,1.9631705364291436,0,0,0,1,0,0,0,1,0,0,0,0,0,1,0,1,0,0,1
3148,0,0,1.009033,0,0.0,0.0,372,180,9,552,547.0584212805727,61.33333333333334,8.919430781748465,2.066666666666667,0,0,0,0,0,0,1,1,0,0,0,0,0,1,0,0,0,1,1
3156,0,0,1.008968,0,0.0,0.0,372,180,9,552,547.0936640210591,61.33333333333334,8.920005391647704,2.066666666666667,0,0,0,0,0,0,1,1,0,0,0,0,0,1,0,0,0,1,1
3166,0,0,1.02009,0,0.0,0.0,6394,13200,36,19594,19208.10908841377,544.2777777777778,35.29100373496456,0.4843939393939394,0,0,0,1,0,0,0,1,0,0,0,0,0,1,0,0,0,1,1
3300,0,0,9.012316,0,0.0,0.0,372,0,6,372,41.27684825964824,62.0,0.6657556170911006,88.58003629764065,0,0,0,0,0,1,0,1,0,0,0,0,0,1,0,0,1,0,1
3370,0,0,1.008618,0,0.0,0.0,372,180,9,552,547.2835107047465,61.33333333333334,8.92310071801217,2.066666666666667,0,0,0,0,0,0,1,1,0,0,0,0,0,1,0,0,0,1,1
3444,0,0,2.983784,0,0.0,0.0,248,0,4,248,83.1159360060916,62.0,1.340579613001477,88.58003629764065,0,0,0,0,0,1,0,1,0,0,0,0,0,1,0,0,1,0,1
3452,0,0,0.406343,0,0.0,0.0,924,470,15,1394,3430.599272043569,92.93333333333334,36.91462631323783,1.9659574468085104,0,0,0,1,0,0,0,1,0,0,0,0,0,1,0,0,0,1,1
3468,0,0,1.04698,0,0.0,0.0,8818,6430,32,15248,14563.79300464192,476.5,30.564098645628377,1.3713841368584758,0,0,0,1,0,0,0,1,0,0,0,0,0,1,0,0,0,1,1
3625,0,0,1.008369,0,0.0,0.0,372,180,9,552,547.4186532906108,61.33333333333334,8.92530412973822,2.066666666666667,0,0,0,0,0,0,1,1,0,0,0,0,0,1,0,0,0,1,1
3745,0,0,0.02279,0,0.0,0.0,244,62,5,306,13426.941641070645,61.2,219.39447125932426,3.9354838709677415,0,0,1,0,0,0,0,1,0,0,0,0,0,1,0,1,0,0,1
3757,0,0,1.008718,0,0.0,0.0,372,180,9,552,547.2292553518427,61.33333333333334,8.922216119866999,2.066666666666667,0,0,0,0,0,0,1,1,0,0,0,0,0,1,0,0,0,1,1
3824,0,0,1.8563330000000002,0,0.0,0.0,372,180,9,552,297.3604412570374,61.33333333333334,4.848268063973436,2.066666666666667,0,0,0,0,0,0,1,1,0,0,0,0,0,1,0,0,1,0,1
4011,0,0,0.9087860000000001,0,0.0,0.0,372,180,9,552,607.4037232087643,61.33333333333334,9.90332157405594,2.066666666666667,0,0,0,0,0,0,1,1,0,0,0,0,0,1,0,0,0,1,1
4450,0,0,2.050185,0,0.0,0.0,372,180,9,552,269.24399505410486,61.33333333333334,4.389847745447362,2.066666666666667,0,0,0,0,0,0,1,1,0,0,0,0,0,1,0,0,1,0,1
4482,0,0,2.963968,0,0.0,0.0,248,0,4,248,83.6716185869753,62.0,1.3495422352737951,88.58003629764065,0,0,0,0,0,1,0,1,0,0,0,0,0,1,0,0,1,0,1
4920,0,0,1.0088549999999998,0,0.0,0.0,372,180,9,552,547.154942979913,61.33333333333334,8.921004505107277,2.066666666666667,0,0,0,0,0,0,1,1,0,0,0,0,0,1,0,0,0,1,1
5020,0,0,0.958585,0,0.0,0.0,372,180,9,552,575.8487771037519,61.33333333333334,9.388838757126392,2.066666666666667,0,0,0,0,0,0,1,1,0,0,0,0,0,1,0,0,0,1,1
5022,0,0,2.9780330000000004,0,0.0,0.0,7468,1518,21,8986,3017.4279465674153,427.90476190476187,7.051634417751582,4.919631093544137,0,0,0,1,0,0,0,1,0,0,0,0,0,1,0,0,0,1,1
5107,0,0,0.689138,0,0.0,0.0,3218,1161,18,4379,6354.31510089416,243.27777777777774,26.119587078350055,2.771748492678725,0,0,0,1,0,0,0,1,0,0,0,0,0,1,0,0,0,1,1
5153,0,0,1.578666,0,0.0,0.0,4732,30803,55,35535,22509.51119489493,646.0909090909091,34.83954173967135,0.15362140051293705,0,0,0,1,0,0,0,1,0,0,0,0,0,1,0,0,0,1,1
5301,0,0,1.008967,0,0.0,0.0,372,180,9,552,547.0942062525337,61.33333333333334,8.920014232378264,2.066666666666667,0,0,0,0,0,0,1,1,0,0,0,0,0,1,0,0,0,1,1
5469,0,0,1.3626129999999999,0,0.0,0.0,4652,31086,60,35738,26227.54956836607,595.6333333333333,44.03304533275405,0.14964935984044264,0,0,0,1,0,0,0,1,0,0,0,0,0,1,0,0,0,1,1
5494,0,0,1.007298,0,0.0,0.0,372,180,9,552,548.0006909573931,61.33333333333334,8.934793874305319,2.066666666666667,0,0,0,0,0,0,1,1,0,0,0,0,0,1,0,0,0,1,1
6055,0,0,1.008751,0,0.0,0.0,372,180,9,552,547.2113534459942,61.33333333333334,8.921924240967295,2.066666666666667,0,0,0,0,0,0,1,1,0,0,0,0,0,1,0,0,0,1,1
6119,0,0,0.407385,0,0.0,0.0,928,470,15,1398,3431.643285835267,93.2,36.820206929562936,1.974468085106383,0,0,0,1,0,0,0,1,0,0,0,0,0,1,0,0,0,1,1
6237,0,0,1.108889,0,0.0,0.0,372,180,9,552,497.795541303052,61.33333333333334,8.116231651680195,2.066666666666667,0,0,0,0,0,0,1,1,0,0,0,0,0,1,0,0,0,1,1
6519,0,0,2.924084,0,0.0,0.0,248,0,4,248,84.81288499236,62.0,1.3679497579412905,88.58003629764065,0,0,0,0,0,1,0,1,0,0,0,0,0,1,0,0,1,0,1
6629,0,0,2.914479,0,0.0,0.0,248,0,4,248,85.09239558768479,62.0,1.3724579933497547,88.58003629764065,0,0,0,0,0,1,0,1,0,0,0,0,0,1,0,0,1,0,1
6656,0,0,1.008606,0,0.0,0.0,372,180,9,552,547.2900220700651,61.33333333333334,8.923206881577148,2.066666666666667,0,0,0,0,0,0,1,1,0,0,0,0,0,1,0,0,0,1,1
6747,0,0,1.0083360000000001,0,0.0,0.0,372,180,9,552,547.4365687627934,61.33333333333334,8.925596229828153,2.066666666666667,0,0,0,0,0,0,1,1,0,0,0,0,0,1,0,0,0,1,1
6885,0,0,1.12042,0,0.0,0.0,3000,3908,23,6908,6165.545063458346,300.3478260869565,20.528016279609428,0.7676560900716479,0,0,0,1,0,0,0,1,0,0,0,0,0,1,0,0,0,1,1
7204,0,0,1.008804,0,0.0,0.0,372,180,9,552,547.1826043512912,61.33333333333334,8.921455505727574,2.066666666666667,0,0,0,0,0,0,1,1,0,0,0,0,0,1,0,0,0,1,1
7441,0,0,1.839429,0,0.0,0.0,372,180,9,552,300.09312672573935,61.33333333333334,4.892822718354446,2.066666666666667,0,0,0,0,0,0,1,1,0,0,0,0,0,1,0,0,1,0,1
7601,0,0,1.513595,0,0.0,0.0,6474,32547,63,39021,25780.344147542768,619.3809523809524,41.622759060382734,0.1989123421513504,0,0,0,1,0,0,0,1,0,0,0,0,0,1,0,0,0,1,1
7611,0,0,9.012863000000001,0,0.0,0.0,372,0,6,372,41.27434312493156,62.0,0.6657152116924445,88.58003629764065,0,0,0,0,0,1,0,1,0,0,0,0,0,1,0,0,0,1,1
7626,0,0,1.008645,0,0.0,0.0,372,180,9,552,547.2688606992548,61.33333333333334,8.922861859226982,2.066666666666667,0,0,0,0,0,0,1,1,0,0,0,0,0,1,0,0,0,1,1
7967,0,0,1.009628,0,0.0,0.0,372,180,9,552,546.7360255460427,61.33333333333334,8.914174329555044,2.066666666666667,0,0,0,0,0,0,1,1,0,0,0,0,0,1,0,0,0,1,1
8066,0,0,1.347226,0,0.0,0.0,5712,15428,37,21140,15691.502390838656,571.3513513513514,27.463840513766804,0.3702359346642468,0,0,0,1,0,0,0,1,0,0,0,0,0,1,0,0,0,1,1
8401,0,0,1.00843,0,0.0,0.0,372,180,9,552,547.3855398986544,61.33333333333334,8.92476423747806,2.066666666666667,0,0,0,0,0,0,1,1,0,0,0,0,0,1,0,0,0,1,1
8417,0,0,1.007236,0,0.0,0.0,372,180,9,552,548.0344229157814,61.33333333333334,8.93534385188774,2.066666666666667,0,0,0,0,0,0,1,1,0,0,0,0,0,1,0,0,0,1,1
8453,0,0,0.410558,0,0.0,0.0,930,470,15,1400,3409.9932287277315,93.33333333333331,36.53564173636856,1.9787234042553192,0,0,0,1,0,0,0,1,0,0,0,0,0,1,0,0,0,1,1
8544,0,0,3.8430440000000003,0,0.0,0.0,7482,1019,21,8501,2212.0485739949895,404.80952380952385,5.4644183100687895,7.342492639842982,0,0,0,1,0,0,0,1,0,0,0,0,0,1,0,0,0,1,1
8716,0,0,1.015349,0,0.0,0.0,6590,13293,39,19883,19582.42929278504,509.8205128205129,38.41043818430904,0.495749642669074,0,0,0,1,0,0,0,1,0,0,0,0,0,1,0,0,0,1,1
8857,0,0,1.0089,0,0.0,0.0,372,180,9,552,547.1305382099316,61.33333333333334,8.920606601248886,2.066666666666667,0,0,0,0,0,0,1,1,0,0,0,0,0,1,0,0,0,1,1
8939,0,0,1.008981,0,0.0,0.0,372,180,9,552,547.0866151096999,61.33333333333334,8.919890463745107,2.066666666666667,0,0,0,0,0,0,1,1,0,0,0,0,0,1,0,0,0,1,1
9052,0,0,1.0086629999999999,0,0.0,0.0,372,180,9,552,547.2590944646527,61.33333333333334,8.922702627141076,2.066666666666667,0,0,0,0,0,0,1,1,0,0,0,0,0,1,0,0,0,1,1
9119,0,0,9.012997,0,0.0,0.0,372,0,6,372,41.2737294819914,62.0,0.6657053142256676,88.58003629764065,0,0,0,0,0,1,0,1,0,0,0,0,0,1,0,0,1,0,1
9132,0,0,1.007866,0,0.0,0.0,372,180,9,552,547.6918558617912,61.33333333333334,8.929758519485725,2.066666666666667,0,0,0,0,0,0,1,1,0,0,0,0,0,1,0,0,0,1,1
9163,0,0,9.013155000000001,0,0.0,0.0,372,0,6,372,41.27300595629389,62.0,0.665693644456353,88.58003629764065,0,0,0,0,0,1,0,1,0,0,0,0,0,1,0,0,0,1,1
9297,0,0,0.5827829999999999,0,0.0,0.0,3292,1161,18,4453,7640.922950738097,247.38888888888889,30.886281857912806,2.8354866494401376,0,0,0,1,0,0,0,1,0,0,0,0,0,1,0,0,0,1,1
9353,0,0,1.008628,0,0.0,0.0,372,180,9,552,547.2780846853349,61.33333333333334,8.923012250304373,2.066666666666667,0,0,0,0,0,0,1,1,0,0,0,0,0,1,0,0,0,1,1
9626,0,0,2.9528209999999997,0,0.0,0.0,248,0,4,248,83.98748180130119,62.0,1.3546368032467937,88.58003629764065,0,0,0,0,0,1,0,1,0,0,0,0,0,1,0,0,1,0,1
9761,0,0,1.008312,0,0.0,0.0,372,180,9,552,547.4495989336633,61.33333333333334,8.92580867826625,2.066666666666667,0,0,0,0,0,0,1,1,0,0,0,0,0,1,0,0,0,1,1
9766,0,0,0.40962299999999996,0,0.0,0.0,982,470,15,1452,3544.7228305051235,96.8,36.61903750521821,2.08936170212766,0,0,0,1,0,0,0,1,0,0,0,0,0,1,0,0,0,1,1
9872,0,0,2.772204,0,0.0,0.0,2962,5661,35,8623,3110.5214479165315,246.37142857142857,12.62533348916602,0.5232291114644055,0,0,0,1,0,0,0,1,0,0,0,0,0,1,0,1,0,0,1
9886,0,0,32.580135,0,0.0,0.0,4004,1961,49,5965,183.08702526861842,121.73469387755102,1.5039839460456503,2.0418154003059663,0,0,0,1,0,0,0,1,0,0,0,0,0,1,0,0,0,1,1
9951,0,0,1.1017370000000002,0,0.0,0.0,372,180,9,552,501.0270146141955,61.33333333333334,8.168918716535796,2.066666666666667,0,0,0,0,0,0,1,1,0,0,0,0,0,1,0,0,1,0,1
10041,0,0,1.009308,0,0.0,0.0,372,180,9,552,546.9093676063203,61.33333333333334,8.917000558798701,2.066666666666667,0,0,0,0,0,0,1,1,0,0,0,0,0,1,0,0,0,1,1
10132,0,0,5.437983,0,0.0,0.0,2766,3913,33,6679,1228.2127399074252,202.3939393939394,6.0684264735656575,0.7068745208280092,0,0,0,1,0,0,0,1,0,0,0,0,0,1,0,1,0,0,1
10153,0,0,1.008575,0,0.0,0.0,372,180,9,552,547.3068438142924,61.33333333333334,8.923481149146072,2.066666666666667,0,0,0,0,0,0,1,1,0,0,0,0,0,1,0,0,0,1,1
10222,0,0,1.187476,0,0.0,0.0,8256,7083,33,15339,12917.313697287356,464.8181818181818,27.790035335450987,1.1656077933079203,0,0,0,1,0,0,0,1,0,0,0,0,0,1,0,0,0,1,1
10238,0,0,1.008675,0,0.0,0.0,372,180,9,552,547.2525838352293,61.33333333333334,8.922596475574393,2.066666666666667,0,0,0,0,0,0,1,1,0,0,0,0,0,1,0,0,0,1,1
10345,0,0,2.9133720000000003,0,0.0,0.0,248,0,4,248,85.12472832168359,62.0,1.3729794890594127,88.58003629764065,0,0,0,0,0,1,0,1,0,0,0,0,0,1,0,0,1,0,1
10355,0,0,1.008777,0,0.0,0.0,372,180,9,552,547.1972497390403,61.33333333333334,8.921694289223483,2.066666666666667,0,0,0,0,0,0,1,1,0,0,0,0,0,1,0,0,0,1,1
10563,0,0,0.328598,0,0.0,0.0,1540,543,15,2083,6339.052580965192,138.86666666666667,45.6484823401238,2.83609576427256,0,0,0,1,0,0,0,1,0,0,0,0,0,1,0,0,0,1,1
10575,0,0,1.0088780000000002,0,0.0,0.0,372,180,9,552,547.142469158808,61.33333333333334,8.920801127589261,2.066666666666667,0,0,0,0,0,0,1,1,0,0,0,0,0,1,0,0,0,1,1
10794,0,0,9.011971,0,0.0,0.0,372,0,6,372,41.27842843702005,62.0,0.6657811038229039,88.58003629764065,0,0,0,0,0,1,0,1,0,0,0,0,0,1,0,0,0,1,1
10968,0,0,0.8427979999999999,0,0.0,0.0,5080,15610,39,20690,24549.180230612797,530.5128205128206,46.274433494146884,0.3254324151185138,0,0,0,1,0,0,0,1,0,0,0,0,0,1,0,0,0,1,1
11004,0,0,1.28193,0,0.0,0.0,6820,4904,27,11724,9145.585172357303,434.22222222222223,21.06199246448714,1.3907014681892331,0,0,0,1,0,0,0,1,0,0,0,0,0,1,0,0,0,1,1
11190,0,0,9.012387,0,0.0,0.0,372,0,6,372,41.27652307873596,62.0,0.6657503722376769,88.58003629764065,0,0,0,0,0,1,0,1,0,0,0,0,0,1,0,0,1,0,1
11233,0,0,2.4309979999999998,0,0.0,0.0,3000,29767,67,32767,13478.826391465562,489.0597014925372,27.560697293868607,0.10078274599388584,0,0,0,1,0,0,0,1,0,0,0,0,0,1,0,0,0,1,1
11246,0,0,1.008628,0,0.0,0.0,372,180,9,552,547.2780846853349,61.33333333333334,8.923012250304373,2.066666666666667,0,0,0,0,0,0,1,1,0,0,0,0,0,1,0,0,0,1,1
11518,0,0,1.53748,0,0.0,0.0,4686,21853,40,26539,17261.362749434138,663.475,26.01659858990036,0.21443280098842266,0,0,0,1,0,0,0,1,0,0,0,0,0,1,0,0,0,1,1
11591,0,0,1.008264,0,0.0,0.0,372,180,9,552,547.475661136369,61.33333333333334,8.926233605484278,2.066666666666667,0,0,0,0,0,0,1,1,0,0,0,0,0,1,0,0,0,1,1
11596,0,0,2.813787,0,0.0,0.0,248,0,4,248,88.13744608245045,62.0,1.4215717110072652,88.58003629764065,0,0,0,0,0,1,0,1,0,0,0,0,0,1,0,0,1,0,1
12019,0,0,1.0090350000000001,0,0.0,0.0,372,180,9,552,547.0573369605613,61.33333333333334,8.919413102617849,2.066666666666667,0,0,0,0,0,0,1,1,0,0,0,0,0,1,0,0,0,1,1
12101,0,0,2.095055,0,0.0,0.0,2642,1809,27,4451,2124.5265637417638,164.85185185185185,12.88748982723604,1.4604754007739082,0,0,0,1,0,0,0,1,0,0,0,0,0,1,0,1,0,0,1
12218,0,0,1.008468,0,0.0,0.0,372,180,9,552,547.3649139090185,61.33333333333334,8.92442794416878,2.066666666666667,0,0,0,0,0,0,1,1,0,0,0,0,0,1,0,0,0,1,1
12242,0,0,8.949547,0,0.0,0.0,372,0,6,372,41.566349671106245,62.0,0.6704249946952622,88.58003629764065,0,0,0,0,0,1,0,1,0,0,0,0,0,1,0,0,1,0,1
12256,0,0,12.405886,0,0.0,0.0,2482,1261,25,3743,301.71162301507525,149.72,2.0151724753878923,1.9682791435368756,0,0,0,1,0,0,0,1,0,0,0,0,0,1,0,1,0,0,1
12549,0,0,9.013197,0,0.0,0.0,372,0,6,372,41.27281363094583,62.0,0.66569054243461,88.58003629764065,0,0,0,0,0,1,0,1,0,0,0,0,0,1,0,0,0,1,1
12606,0,0,1.008371,0,0.0,0.0,372,180,9,552,547.4175675421051,61.33333333333334,8.925286427316928,2.066666666666667,0,0,0,0,0,0,1,1,0,0,0,0,0,1,0,0,0,1,1
12652,0,0,0.32955,0,0.0,0.0,1526,543,15,2069,6278.258230920954,137.93333333333334,45.51661356395084,2.810313075506446,0,0,0,1,0,0,0,1,0,0,0,0,0,1,0,0,0,1,1
12695,0,0,254.959915,0,0.0,0.0,972,379,22,1351,5.298872177612704,61.40909090909091,0.08628807395076203,2.564643799472296,0,0,0,1,0,0,0,1,0,0,0,0,0,1,0,1,0,0,1
12750,0,0,34.008244,0,0.0,0.0,4290,2795,72,7085,208.3318385977236,98.40277777777777,2.117133716165998,1.5348837209302326,0,0,0,1,0,0,0,1,0,0,0,0,0,1,0,1,0,0,1
12844,0,0,1.210232,0,0.0,0.0,372,180,9,552,456.11089444007433,61.33333333333334,7.436590670218602,2.066666666666667,0,0,0,0,0,0,1,1,0,0,0,0,0,1,0,0,0,1,1
13041,0,0,1.008591,0,0.0,0.0,372,180,9,552,547.2981614945999,61.33333333333334,8.923339589585867,2.066666666666667,0,0,0,0,0,0,1,1,0,0,0,0,0,1,0,0,0,1,1
13045,0,0,1.119877,0,0.0,0.0,2872,4644,23,7516,6711.451346888989,326.7826086956522,20.53796979489712,0.6184323858742463,0,0,0,1,0,0,0,1,0,0,0,0,0,1,0,0,0,1,1
13054,0,0,32.998844,0,0.0,0.0,5052,1977,57,7029,213.0074617159316,123.31578947368419,1.7273332362794285,2.5553869499241277,0,0,0,1,0,0,0,1,0,0,0,0,0,1,0,0,0,1,1
13118,0,0,1.089505,0,0.0,0.0,372,180,9,552,506.6521034781851,61.33333333333334,8.26063212192693,2.066666666666667,0,0,0,0,0,0,1,1,0,0,0,0,0,1,0,0,0,1,1
13236,0,0,0.408172,0,0.0,0.0,924,470,15,1394,3415.226914144037,92.93333333333334,36.74921356682968,1.9659574468085104,0,0,0,1,0,0,0,1,0,0,0,0,0,1,0,0,0,1,1
13260,0,0,1.309137,0,0.0,0.0,372,180,9,552,421.651821008802,61.33333333333334,6.874757951230468,2.066666666666667,0,0,0,0,0,0,1,1,0,0,0,0,0,1,0,0,0,1,1
13428,0,0,8.947436,0,0.0,0.0,372,0,6,372,41.57615656597041,62.0,0.6705831704188776,88.58003629764065,0,0,0,0,0,1,0,1,0,0,0,0,0,1,0,0,1,0,1
13459,0,0,0.326532,0,0.0,0.0,1526,543,15,2069,6336.285570786325,137.93333333333334,45.937304766454744,2.810313075506446,0,0,0,1,0,0,0,1,0,0,0,0,0,1,0,0,0,1,1
14110,0,0,0.579286,0,0.0,0.0,3214,1161,18,4375,7552.400713982385,243.05555555555557,31.072734366098963,2.768303186907838,0,0,0,1,0,0,0,1,0,0,0,0,0,1,0,0,0,1,1
14206,0,0,0.9917090000000001,0,0.0,0.0,372,180,9,552,556.6148940868743,61.33333333333334,9.075242838372949,2.066666666666667,0,0,0,0,0,0,1,1,0,0,0,0,0,1,0,0,0,1,1
14354,0,0,2.9337880000000003,0,0.0,0.0,248,0,4,248,84.53235203088975,62.0,1.3634250327562862,88.58003629764065,0,0,0,0,0,1,0,1,0,0,0,0,0,1,0,0,1,0,1
14356,0,0,0.9985129999999999,0,0.0,0.0,372,180,9,552,552.8220463829715,61.33333333333334,9.013402930157143,2.066666666666667,0,0,0,0,0,0,1,1,0,0,0,0,0,1,0,0,0,1,1
14400,0,0,1.4526649999999999,0,0.0,0.0,372,180,9,552,379.9912574475188,61.33333333333334,6.195509632296503,2.066666666666667,0,0,0,0,0,0,1,1,0,0,0,0,0,1,0,0,1,0,1
14491,0,0,2.974271,0,0.0,0.0,248,0,4,248,83.38177657651238,62.0,1.344867364137296,88.58003629764065,0,0,0,0,0,1,0,1,0,0,0,0,0,1,0,0,1,0,1
14513,0,0,0.9790969999999999,0,0.0,0.0,372,180,9,552,563.7847935393531,61.33333333333334,9.192143372924235,2.066666666666667,0,0,0,0,0,0,1,1,0,0,0,0,0,1,0,0,0,1,1
14522,0,0,1.383173,0,0.0,0.0,372,180,9,552,399.0823996709016,61.33333333333334,6.506778255503831,2.066666666666667,0,0,0,0,0,0,1,1,0,0,0,0,0,1,0,0,0,1,1
14555,0,0,1.008382,0,0.0,0.0,372,180,9,552,547.4115960023087,61.33333333333334,8.925189065255033,2.066666666666667,0,0,0,0,0,0,1,1,0,0,0,0,0,1,0,0,0,1,1
15040,0,0,1.6309719999999999,0,0.0,0.0,4142,9664,34,13806,8464.89087488933,406.05882352941177,20.846464562236505,0.4286009933774834,0,0,0,1,0,0,0,1,0,0,0,0,0,1,0,0,0,1,1
15084,0,0,1.0086620000000002,0,0.0,0.0,372,180,9,552,547.2596370240972,61.33333333333334,8.922711473218977,2.066666666666667,0,0,0,0,0,0,1,1,0,0,0,0,0,1,0,0,0,1,1
15090,0,0,1.008745,0,0.0,0.0,372,180,9,552,547.2146082508464,61.33333333333334,8.921977308437713,2.066666666666667,0,0,0,0,0,0,1,1,0,0,0,0,0,1,0,0,0,1,1
15453,0,0,1.0083469999999999,0,0.0,0.0,372,180,9,552,547.4305968084399,61.33333333333334,8.925498861007172,2.066666666666667,0,0,0,0,0,0,1,1,0,0,0,0,0,1,0,0,0,1,1
15492,0,0,3.234227,0,0.0,0.0,6200,1856,32,8056,2490.857939161351,251.75,9.894172548803779,3.3405172413793105,0,0,0,1,0,0,0,1,0,0,0,0,0,1,0,1,0,0,1
15495,0,0,1.853077,0,0.0,0.0,9860,15662,48,25522,13772.768212006298,531.7083333333334,25.902863183774876,0.6295492274294471,0,0,0,1,0,0,0,1,0,0,0,0,0,1,0,0,0,1,1
15553,0,0,2.954495,0,0.0,0.0,248,0,4,248,83.93989497359108,62.0,1.353869273767598,88.58003629764065,0,0,0,0,0,1,0,1,0,0,0,0,0,1,0,0,1,0,1
15700,0,0,9.007538,0,0.0,0.0,372,0,6,372,41.29874334141027,62.0,0.6661087635711334,88.58003629764065,0,0,0,0,0,1,0,1,0,0,0,0,0,1,0,0,1,0,1
15733,0,0,1.008305,0,0.0,0.0,372,180,9,552,547.4533995170112,61.33333333333334,8.925870644299096,2.066666666666667,0,0,0,0,0,0,1,1,0,0,0,0,0,1,0,0,0,1,1
15766,0,0,1.008805,0,0.0,0.0,372,180,9,552,547.182061944578,61.33333333333334,8.921446662139859,2.066666666666667,0,0,0,0,0,0,1,1,0,0,0,0,0,1,0,0,0,1,1
15841,0,0,1.008907,0,0.0,0.0,372,180,9,552,547.1267421080437,61.33333333333334,8.920544708283321,2.066666666666667,0,0,0,0,0,0,1,1,0,0,0,0,0,1,0,0,0,1,1
16013,0,0,9.012364,0,0.0,0.0,372,0,6,372,41.27662841847045,62.0,0.6657520712656524,88.58003629764065,0,0,0,0,0,1,0,1,0,0,0,0,0,1,0,0,1,0,1
16200,0,0,1.629779,0,0.0,0.0,2424,1279,25,3703,2272.0871970985017,148.12,15.33950308600123,1.8952306489444881,0,0,0,1,0,0,0,1,0,0,0,0,0,1,0,1,0,0,1
16221,0,0,3.8304370000000003,0,0.0,0.0,5390,10189,39,15579,4067.1599611219294,399.46153846153845,10.181605910761617,0.5290018647561096,0,0,0,1,0,0,0,1,0,0,0,0,0,1,0,0,0,1,1
16225,0,0,1.00875,0,0.0,0.0,372,180,9,552,547.2118959107806,61.33333333333334,8.921933085501859,2.066666666666667,0,0,0,0,0,0,1,1,0,0,0,0,0,1,0,0,0,1,1
16230,0,0,1.008903,0,0.0,0.0,372,180,9,552,547.1289113026722,61.33333333333334,8.920580075587047,2.066666666666667,0,0,0,0,0,0,1,1,0,0,0,0,0,1,0,0,0,1,1
16271,0,0,0.8583350000000001,0,0.0,0.0,6248,6319,35,12567,14641.136619152196,359.0571428571429,40.77661985122359,0.9887640449438202,0,0,0,1,0,0,0,1,0,0,0,0,0,1,0,0,0,1,1
16272,0,0,1.009371,0,0.0,0.0,372,180,9,552,546.8752321990627,61.33333333333334,8.916444003245585,2.066666666666667,0,0,0,0,0,0,1,1,0,0,0,0,0,1,0,0,0,1,1
16516,0,0,1.009469,0,0.0,0.0,372,180,9,552,546.8221411454933,61.33333333333334,8.915578388241741,2.066666666666667,0,0,0,0,0,0,1,1,0,0,0,0,0,1,0,0,0,1,1
16582,0,0,2.974443,0,0.0,0.0,248,0,4,248,83.37695494585037,62.0,1.3447895959008125,88.58003629764065,0,0,0,0,0,1,0,1,0,0,0,0,0,1,0,0,1,0,1
16835,0,0,9.013007,0,0.0,0.0,372,0,6,372,41.27368368847378,62.0,0.6657045756205449,88.58003629764065,0,0,0,0,0,1,0,1,0,0,0,0,0,1,0,0,1,0,1
16881,0,0,1.009363,0,0.0,0.0,372,180,9,552,546.879566617758,61.33333333333334,8.916514673115618,2.066666666666667,0,0,0,0,0,0,1,1,0,0,0,0,0,1,0,0,0,1,1
16960,0,0,1.008607,0,0.0,0.0,372,180,9,552,547.2894794503707,61.33333333333334,8.923198034516913,2.066666666666667,0,0,0,0,0,0,1,1,0,0,0,0,0,1,0,0,0,1,1
17138,0,0,1.009039,0,0.0,0.0,372,180,9,552,547.055168333434,61.33333333333334,8.919377744566859,2.066666666666667,0,0,0,0,0,0,1,1,0,0,0,0,0,1,0,0,0,1,1
17162,0,0,1.0084950000000001,0,0.0,0.0,372,180,9,552,547.3502595451639,61.33333333333334,8.924189014323323,2.066666666666667,0,0,0,0,0,0,1,1,0,0,0,0,0,1,0,0,0,1,1
17312,0,0,2.933288,0,0.0,0.0,248,0,4,248,84.54676117721819,62.0,1.3636574383422289,88.58003629764065,0,0,0,0,0,1,0,1,0,0,0,0,0,1,0,0,1,0,1
17397,0,0,1.008565,0,0.0,0.0,372,180,9,552,547.3122704039898,61.33333333333334,8.923569626152007,2.066666666666667,0,0,0,0,0,0,1,1,0,0,0,0,0,1,0,0,0,1,1
17400,0,0,0.9988309999999999,0,0.0,0.0,372,180,9,552,552.6460432245293,61.33333333333334,9.010533313443416,2.066666666666667,0,0,0,0,0,0,1,1,0,0,0,0,0,1,0,0,0,1,1
17408,0,0,3.044025,0,0.0,0.0,4012,21005,49,25017,8218.395052603051,510.5510204081632,16.09710826947873,0.19100214234706026,0,0,0,1,0,0,0,1,0,0,0,0,0,1,0,0,0,1,1
17523,0,0,1.008609,0,0.0,0.0,372,180,9,552,547.2883942142098,61.33333333333334,8.923180340449074,2.066666666666667,0,0,0,0,0,0,1,1,0,0,0,0,0,1,0,0,0,1,1
18055,0,0,1.00794,0,0.0,0.0,372,180,9,552,547.6516459313054,61.33333333333334,8.929102922793023,2.066666666666667,0,0,0,0,0,0,1,1,0,0,0,0,0,1,0,0,0,1,1
18146,0,0,4.372585,0,0.0,0.0,2646,4009,32,6655,1521.9829917543054,207.96875,7.318325429923033,0.6600149663257671,0,0,0,1,0,0,0,1,0,0,0,0,0,1,0,1,0,0,1
18190,0,0,9.007614,0,0.0,0.0,372,0,6,372,41.29839489125533,62.0,0.666103143407344,88.58003629764065,0,0,0,0,0,1,0,1,0,0,0,0,0,1,0,0,0,1,1
18258,0,0,0.998841,0,0.0,0.0,372,180,9,552,552.6405103514974,61.33333333333334,9.010443103557025,2.066666666666667,0,0,0,0,0,0,1,1,0,0,0,0,0,1,0,0,0,1,1
18401,0,0,1.009327,0,0.0,0.0,372,180,9,552,546.8990723521713,61.33333333333334,8.916832701394096,2.066666666666667,0,0,0,0,0,0,1,1,0,0,0,0,0,1,0,0,0,1,1
18449,0,0,1.008491,0,0.0,0.0,372,180,9,552,547.3524305125181,61.33333333333334,8.924224410530188,2.066666666666667,0,0,0,0,0,0,1,1,0,0,0,0,0,1,0,0,0,1,1
18478,0,0,1.00898,0,0.0,0.0,372,180,9,552,547.0871573272017,61.33333333333334,8.919899304247854,2.066666666666667,0,0,0,0,0,0,1,1,0,0,0,0,0,1,0,0,0,1,1
18549,0,0,1.009161,0,0.0,0.0,372,180,9,552,546.9890334644324,61.33333333333334,8.918299458659224,2.066666666666667,0,0,0,0,0,0,1,1,0,0,0,0,0,1,0,0,0,1,1
18762,0,0,39.185509,0,0.0,0.0,4050,2955,68,7005,178.76506338095544,103.01470588235294,1.7353353761463195,1.3705583756345177,0,0,0,1,0,0,0,1,0,0,0,0,0,1,0,1,0,0,1
18825,0,0,1.008524,0,0.0,0.0,372,180,9,552,547.3345205468586,61.33333333333334,8.923932400220519,2.066666666666667,0,0,0,0,0,0,1,1,0,0,0,0,0,1,0,0,0,1,1
18954,0,0,2.984115,0,0.0,0.0,248,0,4,248,83.10671673176134,62.0,1.3404309150284088,88.58003629764065,0,0,0,0,0,1,0,1,0,0,0,0,0,1,0,0,1,0,1
18986,0,0,32.716255,0,0.0,0.0,4450,1901,50,6351,194.12368561132686,127.02,1.5282922816196416,2.3408732246186217,0,0,0,1,0,0,0,1,0,0,0,0,0,1,0,0,0,1,1
19017,0,0,1.0086899999999999,0,0.0,0.0,372,180,9,552,547.2444457662909,61.33333333333334,8.922463789667788,2.066666666666667,0,0,0,0,0,0,1,1,0,0,0,0,0,1,0,0,0,1,1
19530,0,0,1.008314,0,0.0,0.0,372,180,9,552,547.4485130623992,61.33333333333334,8.925790973843467,2.066666666666667,0,0,0,0,0,0,1,1,0,0,0,0,0,1,0,0,0,1,1
19578,0,0,3.239169,0,0.0,0.0,248,0,4,248,76.56284682892434,62.0,1.2348846262729731,88.58003629764065,0,0,0,0,0,1,0,1,0,0,0,0,0,1,0,0,1,0,1
19610,0,0,1.009215,0,0.0,0.0,372,180,9,552,546.9597657585351,61.33333333333334,8.917822267802203,2.066666666666667,0,0,0,0,0,0,1,1,0,0,0,0,0,1,0,0,0,1,1
19682,0,0,1.209191,0,0.0,0.0,372,180,9,552,456.5035631260901,61.33333333333334,7.442992877055818,2.066666666666667,0,0,0,0,0,0,1,1,0,0,0,0,0,1,0,0,0,1,1
19765,0,0,1.0083950000000002,0,0.0,0.0,372,180,9,552,547.4045388959681,61.33333333333334,8.925074003738613,2.066666666666667,0,0,0,0,0,0,1,1,0,0,0,0,0,1,0,0,0,1,1
19916,0,0,1.309009,0,0.0,0.0,372,180,9,552,421.69305176664176,61.33333333333334,6.875430191847419,2.066666666666667,0,0,0,0,0,0,1,1,0,0,0,0,0,1,0,0,0,1,1
19969,0,0,1.4855610000000001,0,0.0,0.0,4730,30746,56,35476,23880.540751944893,633.5,37.696196924932735,0.15384115006830154,0,0,0,1,0,0,0,1,0,0,0,0,0,1,0,0,0,1,1
20121,0,0,9.012647,0,0.0,0.0,372,0,6,372,41.27533231912889,62.0,0.6657311664375627,88.58003629764065,0,0,0,0,0,1,0,1,0,0,0,0,0,1,0,0,0,1,1
20169,0,0,1.8115430000000001,0,0.0,0.0,3938,21008,49,24946,13770.581211707371,509.1020408163265,27.048764506280012,0.18745239908606245,0,0,0,1,0,0,0,1,0,0,0,0,0,1,0,0,0,1,1
20187,0,0,2.993833,0,0.0,0.0,248,0,4,248,82.83695182730635,62.0,1.3360798681823602,88.58003629764065,0,0,0,0,0,1,0,1,0,0,0,0,0,1,0,0,1,0,1
20447,0,0,0.42592299999999994,0,0.0,0.0,1128,558,15,1686,3958.461975521397,112.4,35.217633234176134,2.021505376344086,0,0,0,1,0,0,0,1,0,0,0,0,0,1,0,0,1,0,1
20580,0,0,1.008368,0,0.0,0.0,372,180,9,552,547.4191961664791,61.33333333333334,8.925312980975198,2.066666666666667,0,0,0,0,0,0,1,1,0,0,0,0,0,1,0,0,0,1,1
20588,0,0,2.0456,0,0.0,0.0,372,180,9,552,269.8474775127102,61.33333333333334,4.399687133359405,2.066666666666667,0,0,0,0,0,0,1,1,0,0,0,0,0,1,0,0,0,1,1
20597,0,0,1.360975,0,0.0,0.0,372,180,9,552,405.59157956611983,61.33333333333334,6.612906188578041,2.066666666666667,0,0,0,0,0,0,1,1,0,0,0,0,0,1,0,0,1,0,1
20626,0,0,1.008367,0,0.0,0.0,372,180,9,552,547.4197390434236,61.33333333333334,8.925321832229734,2.066666666666667,0,0,0,0,0,0,1,1,0,0,0,0,0,1,0,0,0,1,1
20694,0,0,2.973361,0,0.0,0.0,248,0,4,248,83.40729564960326,62.0,1.3452789620903751,88.58003629764065,0,0,0,0,0,1,0,1,0,0,0,0,0,1,0,0,1,0,1
20696,0,0,8.920228,0,0.0,0.0,372,0,6,372,41.70296992408714,62.0,0.6726285471626958,88.58003629764065,0,0,0,0,0,1,0,1,0,0,0,0,0,1,0,0,0,1,1
20732,0,0,2.402519,0,0.0,0.0,2690,1807,27,4497,1871.7854052350888,166.55555555555554,11.238204567789056,1.4886552296624238,0,0,0,1,0,0,0,1,0,0,0,0,0,1,0,1,0,0,1
20754,0,0,3.003757,0,0.0,0.0,248,0,4,248,82.5632699316223,62.0,1.3316656440584242,88.58003629764065,0,0,0,0,0,1,0,1,0,0,0,0,0,1,0,0,1,0,1
20793,0,0,1.039269,0,0.0,0.0,372,180,9,552,531.1425627051321,61.33333333333334,8.659933087583676,2.066666666666667,0,0,0,0,0,0,1,1,0,0,0,0,0,1,0,0,0,1,1
20842,0,0,1.008944,0,0.0,0.0,372,180,9,552,547.1066778731031,61.33333333333334,8.920217574017983,2.066666666666667,0,0,0,0,0,0,1,1,0,0,0,0,0,1,0,0,0,1,1
21015,0,0,1.0092729999999999,0,0.0,0.0,372,180,9,552,546.9283335628714,61.33333333333334,8.917309786351165,2.066666666666667,0,0,0,0,0,0,1,1,0,0,0,0,0,1,0,0,0,1,1
21402,0,0,2.47362,0,0.0,0.0,5360,10258,39,15618,6313.823465204841,400.46153846153845,15.766366701433528,0.5225190095535192,0,0,0,1,0,0,0,1,0,0,0,0,0,1,0,0,0,1,1
21469,0,0,0.45770900000000003,0,0.0,0.0,1090,462,15,1552,3390.80070525159,103.46666666666668,32.77191403271511,2.3593073593073592,0,0,0,1,0,0,0,1,0,0,0,0,0,1,0,0,0,1,1
21505,0,0,2.743128,0,0.0,0.0,9244,1668,43,10912,3977.940511707802,253.76744186046508,15.67553537421513,5.5419664268585125,0,0,0,1,0,0,0,1,0,0,0,0,0,1,0,1,0,0,1
21567,0,0,1.008894,0,0.0,0.0,372,180,9,552,547.1337920534764,61.33333333333334,8.920659653045814,2.066666666666667,0,0,0,0,0,0,1,1,0,0,0,0,0,1,0,0,0,1,1
21836,0,0,1.2247059999999999,0,0.0,0.0,372,180,9,552,450.7204177982308,61.33333333333334,7.348702464101588,2.066666666666667,0,0,0,0,0,0,1,1,0,0,0,0,0,1,0,0,0,1,1
21888,0,0,1.046188,0,0.0,0.0,372,180,9,552,527.629833261326,61.33333333333334,8.602660324912922,2.066666666666667,0,0,0,0,0,0,1,1,0,0,0,0,0,1,0,0,1,0,1
22124,0,0,1.429352,0,0.0,0.0,372,180,9,552,386.188986337865,61.33333333333334,6.296559559856495,2.066666666666667,0,0,0,0,0,0,1,1,0,0,0,0,0,1,0,0,0,1,1
22131,0,0,80.490891,0,0.0,0.0,2210,898,30,3108,38.61306492432789,103.6,0.3727129818950569,2.461024498886414,0,0,1,0,0,0,0,1,0,0,0,0,0,1,0,1,0,0,1
22194,0,0,0.325004,0,0.0,0.0,1534,543,15,2077,6390.690576115986,138.46666666666667,46.153278113500136,2.825046040515654,0,0,0,1,0,0,0,1,0,0,0,0,0,1,0,0,0,1,1
22371,0,0,8.947894999999997,0,0.0,0.0,372,0,6,372,41.574023834656096,62.0,0.6705487715267112,88.58003629764065,0,0,0,0,0,1,0,1,0,0,0,0,0,1,0,0,1,0,1
22428,0,0,0.408049,0,0.0,0.0,928,470,15,1398,3426.0591252521144,93.2,36.760291043477615,1.974468085106383,0,0,0,1,0,0,0,1,0,0,0,0,0,1,0,0,0,1,1
22533,0,0,1.083509,0,0.0,0.0,5802,8535,28,14337,13232.008225127804,512.0357142857143,25.84196347238463,0.6797891036906855,0,0,0,1,0,0,0,1,0,0,0,0,0,1,0,0,0,1,1
22656,0,0,9.012989,0,0.0,0.0,372,0,6,372,41.273766116878654,62.0,0.6657059051109461,88.58003629764065,0,0,0,0,0,1,0,1,0,0,0,0,0,1,0,0,1,0,1
22762,0,0,1.009193,0,0.0,0.0,372,180,9,552,546.9716892606269,61.33333333333334,8.918016672727617,2.066666666666667,0,0,0,0,0,0,1,1,0,0,0,0,0,1,0,0,0,1,1
22794,0,0,1.008448,0,0.0,0.0,372,180,9,552,547.3757694992702,61.33333333333334,8.9246049374881,2.066666666666667,0,0,0,0,0,0,1,1,0,0,0,0,0,1,0,0,0,1,1
22872,0,0,1.12755,0,0.0,0.0,3064,3908,23,6972,6183.317812957296,303.1304347826087,20.398208505166064,0.7840327533265097,0,0,0,1,0,0,0,1,0,0,0,0,0,1,0,0,0,1,1
23116,0,0,1.883763,0,0.0,0.0,3932,21013,49,24945,13242.111666913514,509.0816326530612,26.011764749599603,0.18712225765002616,0,0,0,1,0,0,0,1,0,0,0,0,0,1,0,0,0,1,1
23133,0,0,1.008524,0,0.0,0.0,372,180,9,552,547.3345205468586,61.33333333333334,8.923932400220519,2.066666666666667,0,0,0,0,0,0,1,1,0,0,0,0,0,1,0,0,0,1,1
23148,0,0,1.009139,0,0.0,0.0,372,180,9,552,547.0009582426206,61.33333333333334,8.918493884390555,2.066666666666667,0,0,0,0,0,0,1,1,0,0,0,0,0,1,0,0,0,1,1
23151,0,0,1.05511,0,0.0,0.0,6142,33220,65,39362,37306.062874960895,605.5692307692308,61.604951142534894,0.1848886213124624,0,0,0,1,0,0,0,1,0,0,0,0,0,1,0,0,0,1,1
23219,0,0,1.009441,0,0.0,0.0,372,180,9,552,546.8373089660515,61.33333333333334,8.915825689663881,2.066666666666667,0,0,0,0,0,0,1,1,0,0,0,0,0,1,0,0,0,1,1
23385,0,0,0.22054200000000002,0,0.0,0.0,2212,26566,48,28778,130487.61687116287,599.5416666666666,217.64561852164212,0.08326432281864038,0,0,0,1,0,0,0,1,0,0,0,0,0,1,0,0,0,1,1
23390,0,0,1.007735,0,0.0,0.0,372,180,9,552,547.7630527866949,61.33333333333334,8.930919338913501,2.066666666666667,0,0,0,0,0,0,1,1,0,0,0,0,0,1,0,0,0,1,1
23435,0,0,1.00871,0,0.0,0.0,372,180,9,552,547.2335953842037,61.33333333333334,8.922286881264187,2.066666666666667,0,0,0,0,0,0,1,1,0,0,0,0,0,1,0,0,0,1,1
23730,0,0,1.0089489999999999,0,0.0,0.0,372,180,9,552,547.1039666028709,61.33333333333334,8.920173368525068,2.066666666666667,0,0,0,0,0,0,1,1,0,0,0,0,0,1,0,0,0,1,1
23899,0,0,0.9983040000000001,0,0.0,0.0,372,180,9,552,552.9377824790845,61.33333333333334,9.015289931724203,2.066666666666667,0,0,0,0,0,0,1,1,0,0,0,0,0,1,0,0,0,1,1
23918,0,0,1.009031,0,0.0,0.0,372,180,9,552,547.0595056048822,61.33333333333334,8.919448460949168,2.066666666666667,0,0,0,0,0,0,1,1,0,0,0,0,0,1,0,0,0,1,1
23961,0,0,3.3154220000000003,0,0.0,0.0,1214,462,17,1676,505.5163415094669,98.58823529411764,5.127552390012493,2.627705627705628,0,0,0,1,0,0,0,1,0,0,0,0,0,1,0,0,0,1,1
24000,0,0,1.0110370000000002,0,0.0,0.0,372,180,9,552,545.9740840345111,61.33333333333334,8.901751370127899,2.066666666666667,0,0,0,0,0,0,1,1,0,0,0,0,0,1,0,0,0,1,1
24142,0,0,1.03863,0,0.0,0.0,372,180,9,552,531.4693394182722,61.33333333333334,8.665260968776177,2.066666666666667,0,0,0,0,0,0,1,1,0,0,0,0,0,1,0,0,0,1,1
24156,0,0,2.811762,0,0.0,0.0,248,0,4,248,88.20092169963176,62.0,1.422595511284383,88.58003629764065,0,0,0,0,0,1,0,1,0,0,0,0,0,1,0,0,1,0,1
24533,0,0,1.541984,0,0.0,0.0,4894,30719,57,35613,23095.57038205325,624.7894736842105,36.96536410235126,0.15931508187115467,0,0,0,1,0,0,0,1,0,0,0,0,0,1,0,0,0,1,1
24576,0,0,1.009099,0,0.0,0.0,372,180,9,552,547.0226409896353,61.33333333333334,8.918847407439708,2.066666666666667,0,0,0,0,0,0,1,1,0,0,0,0,0,1,0,0,0,1,1
25105,0,0,2.913732,0,0.0,0.0,248,0,4,248,85.11421091576027,62.0,1.3728098534800044,88.58003629764065,0,0,0,0,0,1,0,1,0,0,0,0,0,1,0,0,1,0,1
25123,0,0,8.994121,0,0.0,0.0,372,0,6,372,41.36035083361677,62.0,0.6671024328002704,88.58003629764065,0,0,0,0,0,1,0,1,0,0,0,0,0,1,0,0,0,1,1
25239,0,0,3.184387,0,0.0,0.0,248,0,4,248,77.8799812962432,62.0,1.2561287305845676,88.58003629764065,0,0,0,0,0,1,0,1,0,0,0,0,0,1,0,0,1,0,1
25331,0,0,1.108984,0,0.0,0.0,372,180,9,552,497.75289814821497,61.33333333333334,8.115536382851332,2.066666666666667,0,0,0,0,0,0,1,1,0,0,0,0,0,1,0,0,0,1,1
25593,0,0,1.0091860000000001,0,0.0,0.0,372,180,9,552,546.9754832112219,61.33333333333334,8.918078530617748,2.066666666666667,0,0,0,0,0,0,1,1,0,0,0,0,0,1,0,0,0,1,1
25794,0,0,1.008667,0,0.0,0.0,372,180,9,552,547.2569242376326,61.33333333333334,8.922667243004877,2.066666666666667,0,0,0,0,0,0,1,1,0,0,0,0,0,1,0,0,0,1,1
26105,0,0,1.009072,0,0.0,0.0,372,180,9,552,547.0372778156564,61.33333333333334,8.919086051342223,2.066666666666667,0,0,0,0,0,0,1,1,0,0,0,0,0,1,0,0,0,1,1
26184,0,0,0.214065,0,0.0,0.0,2086,1060,15,3146,14696.470698152432,209.7333333333333,70.07217433956976,1.967924528301887,0,0,0,1,0,0,0,1,0,0,0,0,0,1,0,0,0,1,1
26505,0,0,1.008319,0,0.0,0.0,372,180,9,552,547.4457984030847,61.33333333333334,8.925746713093773,2.066666666666667,0,0,0,0,0,0,1,1,0,0,0,0,0,1,0,0,0,1,1
26548,0,0,2.963699,0,0.0,0.0,248,0,4,248,83.67921303749131,62.0,1.3496647264111503,88.58003629764065,0,0,0,0,0,1,0,1,0,0,0,0,0,1,0,0,1,0,1
26602,0,0,2.186433,0,0.0,0.0,7560,1516,21,9076,4151.053336644663,432.19047619047615,9.604684890870196,4.986807387862797,0,0,0,1,0,0,0,1,0,0,0,0,0,1,0,0,0,1,1
26672,0,0,1.175705,0,0.0,0.0,372,180,9,552,469.50553072411867,61.33333333333334,7.654981479197588,2.066666666666667,0,0,0,0,0,0,1,1,0,0,0,0,0,1,0,0,0,1,1
26779,0,0,2.939823,0,0.0,0.0,248,0,4,248,84.35882024189891,62.0,1.3606261329338534,88.58003629764065,0,0,0,0,0,1,0,1,0,0,0,0,0,1,0,0,1,0,1
26875,0,0,32.791443,0,0.0,0.0,4196,2021,52,6217,189.5921445116032,119.55769230769229,1.5857795584049168,2.076199901039089,0,0,0,1,0,0,0,1,0,0,0,0,0,1,0,0,0,1,1
26921,0,0,2.933985,0,0.0,0.0,248,0,4,248,84.52667617591773,62.0,1.3633334867083506,88.58003629764065,0,0,0,0,0,1,0,1,0,0,0,0,0,1,0,0,1,0,1
27013,0,0,1.134411,0,0.0,0.0,372,180,9,552,486.5961278584217,61.33333333333334,7.9336325194307875,2.066666666666667,0,0,0,0,0,0,1,1,0,0,0,0,0,1,0,0,1,0,1
27168,0,0,8.9329,0,0.0,0.0,372,0,6,372,41.643811080388225,62.0,0.6716743722643262,88.58003629764065,0,0,0,0,0,1,0,1,0,0,0,0,0,1,0,0,1,0,1
27321,0,0,1.00902,0,0.0,0.0,372,180,9,552,547.0654694654219,61.33333333333334,8.919545697805791,2.066666666666667,0,0,0,0,0,0,1,1,0,0,0,0,0,1,0,0,0,1,1
28226,0,0,2.952743,0,0.0,0.0,248,0,4,248,83.9897004243173,62.0,1.3546725874889889,88.58003629764065,0,0,0,0,0,1,0,1,0,0,0,0,0,1,0,0,1,0,1
28310,0,0,2.944185,0,0.0,0.0,248,0,4,248,84.23383720792002,62.0,1.358610277547097,88.58003629764065,0,0,0,0,0,1,0,1,0,0,0,0,0,1,0,0,1,0,1
28343,0,0,1.3912579999999999,0,0.0,0.0,372,180,9,552,396.7632171746721,61.33333333333334,6.468965497413134,2.066666666666667,0,0,0,0,0,0,1,1,0,0,0,0,0,1,0,0,1,0,1
28377,0,0,7.782045,0,0.0,0.0,2646,4048,32,6694,860.1852083867415,209.1875,4.112029678574205,0.6536561264822134,0,0,0,1,0,0,0,1,0,0,0,0,0,1,0,1,0,0,1
28396,0,0,1.579641,0,0.0,0.0,372,180,9,552,349.4464881577523,61.33333333333334,5.697497089528571,2.066666666666667,0,0,0,0,0,0,1,1,0,0,0,0,0,1,0,0,0,1,1
28577,0,0,1.008648,0,0.0,0.0,372,180,9,552,547.2672329692816,61.33333333333334,8.922835320151332,2.066666666666667,0,0,0,0,0,0,1,1,0,0,0,0,0,1,0,0,0,1,1
28678,0,0,1.009422,0,0.0,0.0,372,180,9,552,546.8476018949458,61.33333333333334,8.915993509156724,2.066666666666667,0,0,0,0,0,0,1,1,0,0,0,0,0,1,0,0,0,1,1
28713,0,0,1.008641,0,0.0,0.0,372,180,9,552,547.271031020948,61.33333333333334,8.922897244906762,2.066666666666667,0,0,0,0,0,0,1,1,0,0,0,0,0,1,0,0,0,1,1
28828,0,0,1.0090620000000001,0,0.0,0.0,372,180,9,552,547.0426990611081,61.33333333333334,8.919174441213721,2.066666666666667,0,0,0,0,0,0,1,1,0,0,0,0,0,1,0,0,0,1,1
28895,0,0,1.008894,0,0.0,0.0,372,180,9,552,547.1337920534764,61.33333333333334,8.920659653045814,2.066666666666667,0,0,0,0,0,0,1,1,0,0,0,0,0,1,0,0,0,1,1
29034,0,0,1.012293,0,0.0,0.0,372,180,9,552,545.296668059544,61.33333333333334,8.890706544449086,2.066666666666667,0,0,0,0,0,0,1,1,0,0,0,0,0,1,0,0,0,1,1
29227,0,0,1.0089139999999999,0,0.0,0.0,372,180,9,552,547.1229460588315,61.33333333333334,8.920482816176602,2.066666666666667,0,0,0,0,0,0,1,1,0,0,0,0,0,1,0,0,0,1,1
29361,0,0,1.008484,0,0.0,0.0,372,180,9,552,547.3562297468278,61.33333333333334,8.924286354567847,2.066666666666667,0,0,0,0,0,0,1,1,0,0,0,0,0,1,0,0,0,1,1
29486,0,0,1.009401,0,0.0,0.0,372,180,9,552,546.8589787408572,61.33333333333334,8.916179001209628,2.066666666666667,0,0,0,0,0,0,1,1,0,0,0,0,0,1,0,0,0,1,1
29617,0,0,2.994248,0,0.0,0.0,248,0,4,248,82.82547070249359,62.0,1.3358946887498966,88.58003629764065,0,0,0,0,0,1,0,1,0,0,0,0,0,1,0,0,1,0,1
29767,0,0,1.978696,0,0.0,0.0,5216,10176,37,15392,7778.860421206694,416.0,18.69918370482378,0.5125786163522013,0,0,0,1,0,0,0,1,0,0,0,0,0,1,0,0,0,1,1
29884,0,0,9.013029,0,0.0,0.0,372,0,6,372,41.27358294309272,62.0,0.6657029506950438,88.58003629764065,0,0,0,0,0,1,0,1,0,0,0,0,0,1,0,0,1,0,1
30006,0,0,1.0087899999999999,0,0.0,0.0,372,180,9,552,547.1901981581894,61.33333333333334,8.921579317796569,2.066666666666667,0,0,0,0,0,0,1,1,0,0,0,0,0,1,0,0,0,1,1
30167,0,0,2.923798,0,0.0,0.0,248,0,4,248,84.82118121703346,62.0,1.3680835680166687,88.58003629764065,0,0,0,0,0,1,0,1,0,0,0,0,0,1,0,0,1,0,1
30205,0,0,9.012360000000001,0,0.0,0.0,372,0,6,372,41.27664673847916,62.0,0.6657523667496639,88.58003629764065,0,0,0,0,0,1,0,1,0,0,0,0,0,1,0,0,1,0,1
30210,0,0,0.016711,0,0.0,0.0,3278,1532,33,4810,287834.36060080194,145.75757575757575,1974.747172521094,2.1396866840731072,0,0,0,1,0,0,0,1,0,0,0,0,0,1,0,0,0,1,1
30234,0,0,9.01248,0,0.0,0.0,372,0,6,372,41.27609714529185,62.0,0.6657435023434172,88.58003629764065,0,0,0,0,0,1,0,1,0,0,0,0,0,1,0,0,0,1,1
30286,0,0,1.008569,0,0.0,0.0,372,180,9,552,547.3100997551977,61.33333333333334,8.923534235139092,2.066666666666667,0,0,0,0,0,0,1,1,0,0,0,0,0,1,0,0,0,1,1
30479,0,0,2.962903,0,0.0,0.0,248,0,4,248,83.70169391303057,62.0,1.3500273211779124,88.58003629764065,0,0,0,0,0,1,0,1,0,0,0,0,0,1,0,0,1,0,1
30487,0,0,1.008751,0,0.0,0.0,372,180,9,552,547.2113534459942,61.33333333333334,8.921924240967295,2.066666666666667,0,0,0,0,0,0,1,1,0,0,0,0,0,1,0,0,0,1,1
30576,0,0,0.908641,0,0.0,0.0,372,180,9,552,607.5006520727107,61.33333333333334,9.904901935968109,2.066666666666667,0,0,0,0,0,0,1,1,0,0,0,0,0,1,0,0,0,1,1
30967,0,0,1.164302,0,0.0,0.0,8360,6016,30,14376,12347.311951710124,479.2,25.76651075064717,1.389627659574468,0,0,0,1,0,0,0,1,0,0,0,0,0,1,0,0,0,1,1
31017,0,0,1.008041,0,0.0,0.0,372,180,9,552,547.5967743375518,61.33333333333334,8.928208277242694,2.066666666666667,0,0,0,0,0,0,1,1,0,0,0,0,0,1,0,0,0,1,1
31022,0,0,1.00883,0,0.0,0.0,372,180,9,552,547.1685021262255,61.33333333333334,8.92122557814498,2.066666666666667,0,0,0,0,0,0,1,1,0,0,0,0,0,1,0,0,0,1,1
31183,0,0,0.978454,0,0.0,0.0,372,180,9,552,564.155289875661,61.33333333333334,9.19818407405969,2.066666666666667,0,0,0,0,0,0,1,1,0,0,0,0,0,1,0,0,0,1,1
31337,0,0,1.009187,0,0.0,0.0,372,180,9,552,546.9749412150572,61.33333333333334,8.918069693723757,2.066666666666667,0,0,0,0,0,0,1,1,0,0,0,0,0,1,0,0,0,1,1
31700,0,0,1.282007,0,0.0,0.0,372,180,9,552,430.5748720560808,61.33333333333334,7.0202424791752325,2.066666666666667,0,0,0,0,0,0,1,1,0,0,0,0,0,1,0,0,1,0,1
31945,0,0,1.1897799999999998,0,0.0,0.0,3576,4660,23,8236,6922.288154112525,358.0869565217391,19.331304947133084,0.7673819742489271,0,0,0,1,0,0,0,1,0,0,0,0,0,1,0,0,0,1,1
32094,0,0,1.0781399999999999,0,0.0,0.0,372,180,9,552,511.9928766208469,61.33333333333334,8.347709944905112,2.066666666666667,0,0,0,0,0,0,1,1,0,0,0,0,0,1,0,0,0,1,1
32179,0,0,1.171281,0,0.0,0.0,5800,8535,28,14335,12238.736904295383,511.96428571428567,23.90545052809701,0.6795547744581136,0,0,0,1,0,0,0,1,0,0,0,0,0,1,0,0,0,1,1
32208,0,0,8.927956,0,0.0,0.0,372,0,6,372,41.66687201415419,62.0,0.6720463228089386,88.58003629764065,0,0,0,0,0,1,0,1,0,0,0,0,0,1,0,0,0,1,1
32348,0,0,2.954091,0,0.0,0.0,248,0,4,248,83.95137455142715,62.0,1.3540544282488252,88.58003629764065,0,0,0,0,0,1,0,1,0,0,0,0,0,1,0,0,1,0,1
32440,0,0,1.3053219999999999,0,0.0,0.0,372,180,9,552,422.884161915604,61.33333333333334,6.894850466015281,2.066666666666667,0,0,0,0,0,0,1,1,0,0,0,0,0,1,0,0,0,1,1
32785,0,0,2.9894950000000002,0,0.0,0.0,2690,1846,27,4536,1517.31312479198,168.0,9.031625742809403,1.4572047670639219,0,0,0,1,0,0,0,1,0,0,0,0,0,1,0,1,0,0,1
32897,0,0,1.008851,0,0.0,0.0,372,180,9,552,547.1571123981639,61.33333333333334,8.92103987605702,2.066666666666667,0,0,0,0,0,0,1,1,0,0,0,0,0,1,0,0,0,1,1
32939,0,0,0.9985,0,0.0,0.0,372,180,9,552,552.8292438657986,61.33333333333334,9.01352028042063,2.066666666666667,0,0,0,0,0,0,1,1,0,0,0,0,0,1,0,0,0,1,1
32940,0,0,1.02882,0,0.0,0.0,372,180,9,552,536.5370035574736,61.33333333333334,8.747885927567504,2.066666666666667,0,0,0,0,0,0,1,1,0,0,0,0,0,1,0,0,0,1,1
33426,0,0,3.0257259999999997,0,0.0,0.0,248,0,4,248,81.96379976243719,62.0,1.32199677036189,88.58003629764065,0,0,0,0,0,1,0,1,0,0,0,0,0,1,0,0,1,0,1
33489,0,0,1.5568879999999998,0,0.0,0.0,4760,21907,41,26667,17128.399730744924,650.4146341463414,26.334585403702768,0.21728214725886705,0,0,0,1,0,0,0,1,0,0,0,0,0,1,0,0,0,1,1
33505,0,0,9.012378,0,0.0,0.0,372,0,6,372,41.276564298568026,62.0,0.665751037073678,88.58003629764065,0,0,0,0,0,1,0,1,0,0,0,0,0,1,0,0,1,0,1
33758,0,0,2.94101,0,0.0,0.0,248,0,4,248,84.32477278213948,62.0,1.3600769803570882,88.58003629764065,0,0,0,0,0,1,0,1,0,0,0,0,0,1,0,0,1,0,1
33846,0,0,1.0538,0,0.0,0.0,1532,13550,28,15082,14312.013664832037,538.6428571428571,26.570506737521352,0.11306273062730628,0,0,0,1,0,0,0,1,0,0,0,0,0,1,0,0,0,1,1
34394,0,0,33.887405,0,0.0,0.0,4290,3109,70,7399,218.3407080005093,105.7,2.065664219493939,1.3798649083306531,0,0,0,1,0,0,0,1,0,0,0,0,0,1,0,1,0,0,1
34434,0,0,1.008808,0,0.0,0.0,372,180,9,552,547.1804347308904,61.33333333333334,8.92142013148191,2.066666666666667,0,0,0,0,0,0,1,1,0,0,0,0,0,1,0,0,0,1,1
34436,0,0,1.008793,0,0.0,0.0,372,180,9,552,547.1885708961105,61.33333333333334,8.921552786349627,2.066666666666667,0,0,0,0,0,0,1,1,0,0,0,0,0,1,0,0,0,1,1
34539,0,0,1.008931,0,0.0,0.0,372,180,9,552,547.1137273014706,61.33333333333334,8.920332510350063,2.066666666666667,0,0,0,0,0,0,1,1,0,0,0,0,0,1,0,0,0,1,1
34617,0,0,6.0937269999999994,0,0.0,0.0,2690,1809,27,4499,738.3002225075064,166.62962962962962,4.43078595414596,1.4870093974571583,0,0,0,1,0,0,0,1,0,0,0,0,0,1,0,1,0,0,1
34872,0,0,21.966469,0,0.0,0.0,972,386,22,1358,61.821497119086374,61.72727272727273,1.0015264629012521,2.518134715025907,0,0,0,1,0,0,0,1,0,0,0,0,0,1,0,1,0,0,1
34967,0,0,1.008973,0,0.0,0.0,372,180,9,552,547.0909528798095,61.33333333333334,8.919961188257764,2.066666666666667,0,0,0,0,0,0,1,1,0,0,0,0,0,1,0,0,0,1,1
34982,0,0,1.101318,0,0.0,0.0,372,180,9,552,501.21763196460967,61.33333333333334,8.172026608118633,2.066666666666667,0,0,0,0,0,0,1,1,0,0,0,0,0,1,0,0,0,1,1
34985,0,0,2.964717,0,0.0,0.0,248,0,4,248,83.6504799614938,62.0,1.3492012897015129,88.58003629764065,0,0,0,0,0,1,0,1,0,0,0,0,0,1,0,0,1,0,1
35028,0,0,2.9638619999999998,0,0.0,0.0,248,0,4,248,83.67461103114786,62.0,1.349590500502385,88.58003629764065,0,0,0,0,0,1,0,1,0,0,0,0,0,1,0,0,1,0,1
35125,0,0,2.97448,0,0.0,0.0,248,0,4,248,83.37591780748231,62.0,1.344772867862618,88.58003629764065,0,0,0,0,0,1,0,1,0,0,0,0,0,1,0,0,1,0,1
35159,0,0,1.491592,0,0.0,0.0,6192,32816,60,39008,26151.923582320098,650.1333333333333,40.22547720824461,0.1886884446611409,0,0,0,1,0,0,0,1,0,0,0,0,0,1,0,0,0,1,1
35302,0,0,8.948414999999997,0,0.0,0.0,372,0,6,372,41.57160793280152,62.0,0.6705098053677665,88.58003629764065,0,0,0,0,0,1,0,1,0,0,0,0,0,1,0,0,1,0,1
35331,0,0,0.8427129999999999,0,0.0,0.0,6474,13307,38,19781,23472.997331238512,520.5526315789474,45.09245733719547,0.4865108589464192,0,0,0,1,0,0,0,1,0,0,0,0,0,1,0,0,0,1,1
35375,0,0,1.007845,0,0.0,0.0,372,180,9,552,547.7032678636099,61.33333333333334,8.92994458473277,2.066666666666667,0,0,0,0,0,0,1,1,0,0,0,0,0,1,0,0,0,1,1
35527,0,0,4.377579,0,0.0,0.0,4936,3146,84,8082,1846.2259618844116,96.21428571428572,19.18868854222848,1.5689764780673872,0,0,0,1,0,0,0,1,0,0,0,0,0,1,0,1,0,0,1
35548,0,0,16.67732,0,0.0,0.0,2400,1206,25,3606,216.22179103117284,144.24,1.4990418124734668,1.9900497512437807,0,0,0,1,0,0,0,1,0,0,0,0,0,1,0,1,0,0,1
35581,0,0,1.572362,0,0.0,0.0,372,180,9,552,351.0641951408136,61.33333333333334,5.72387274686109,2.066666666666667,0,0,0,0,0,0,1,1,0,0,0,0,0,1,0,0,1,0,1
35689,0,0,1.008745,0,0.0,0.0,372,180,9,552,547.2146082508464,61.33333333333334,8.921977308437713,2.066666666666667,0,0,0,0,0,0,1,1,0,0,0,0,0,1,0,0,0,1,1
35930,0,0,1.009506,0,0.0,0.0,372,180,9,552,546.802099244581,61.33333333333334,8.915251618118168,2.066666666666667,0,0,0,0,0,0,1,1,0,0,0,0,0,1,0,0,0,1,1
35986,0,0,1.482633,0,0.0,0.0,4778,31047,54,35825,24163.093631397653,663.425925925926,36.421690330648254,0.1538957065094856,0,0,0,1,0,0,0,1,0,0,0,0,0,1,0,0,0,1,1
36125,0,0,2.934225,0,0.0,0.0,248,0,4,248,84.51976245857081,62.0,1.3632219751382393,88.58003629764065,0,0,0,0,0,1,0,1,0,0,0,0,0,1,0,0,1,0,1
36131,0,0,39.211597,0,0.0,0.0,4802,3252,83,8054,205.39841822815842,97.03614457831327,2.1167207242286,1.476629766297663,0,0,0,1,0,0,0,1,0,0,0,0,0,1,0,1,0,0,1
36263,0,0,1.008753,0,0.0,0.0,372,180,9,552,547.2102685196476,61.33333333333334,8.921906551950775,2.066666666666667,0,0,0,0,0,0,1,1,0,0,0,0,0,1,0,0,0,1,1
36296,0,0,1.00896,0,0.0,0.0,372,180,9,552,547.0980019029495,61.33333333333334,8.920076117982873,2.066666666666667,0,0,0,0,0,0,1,1,0,0,0,0,0,1,0,0,0,1,1
36382,0,0,2.9238020000000002,0,0.0,0.0,248,0,4,248,84.82106517472798,62.0,1.3680816963665805,88.58003629764065,0,0,0,0,0,1,0,1,0,0,0,0,0,1,0,0,1,0,1
36406,0,0,0.403211,0,0.0,0.0,1090,462,15,1552,3849.101339001168,103.46666666666668,37.20136603416078,2.3593073593073592,0,0,0,1,0,0,0,1,0,0,0,0,0,1,0,0,0,1,1
36484,0,0,1.107808,0,0.0,0.0,372,180,9,552,498.28129062075743,61.33333333333334,8.124151477512351,2.066666666666667,0,0,0,0,0,0,1,1,0,0,0,0,0,1,0,0,0,1,1
36488,0,0,9.278455000000001,0,0.0,0.0,1338,462,19,1800,193.99781536904584,94.73684210526315,2.0477547177843727,2.8961038961038965,0,0,0,1,0,0,0,1,0,0,0,0,0,1,0,0,0,1,1
36776,0,0,1.0093450000000002,0,0.0,0.0,372,180,9,552,546.8893193110382,61.33333333333334,8.916673684419102,2.066666666666667,0,0,0,0,0,0,1,1,0,0,0,0,0,1,0,0,0,1,1
36782,0,0,0.712938,0,0.0,0.0,3284,2742,19,6026,8452.34788999885,317.15789473684214,26.650283755389673,1.1976659372720642,0,0,0,1,0,0,0,1,0,0,0,0,0,1,0,0,0,1,1
36834,0,0,9.013017999999999,0,0.0,0.0,372,0,6,372,41.273633315721774,62.0,0.6657037631568027,88.58003629764065,0,0,0,0,0,1,0,1,0,0,0,0,0,1,0,0,1,0,1
36871,0,0,33.948036,0,0.0,0.0,4936,3576,86,8512,250.7361545156839,98.97674418604653,2.5332835160184235,1.3803131991051454,0,0,0,1,0,0,0,1,0,0,0,0,0,1,0,1,0,0,1
36943,0,0,0.545158,0,0.0,0.0,3218,1137,18,4355,7988.509753135789,241.94444444444446,33.01795075922944,2.830255057167986,0,0,0,1,0,0,0,1,0,0,0,0,0,1,0,0,0,1,1
37036,0,0,2.917583,0,0.0,0.0,248,0,4,248,85.00186627081389,62.0,1.3709978430776433,88.58003629764065,0,0,0,0,0,1,0,1,0,0,0,0,0,1,0,0,1,0,1
37196,0,0,1.008831,0,0.0,0.0,372,180,9,552,547.16795974747,61.33333333333334,8.9212167350131,2.066666666666667,0,0,0,0,0,0,1,1,0,0,0,0,0,1,0,0,0,1,1
37204,0,0,1.00861,0,0.0,0.0,372,180,9,552,547.2878515977434,61.33333333333334,8.923171493441469,2.066666666666667,0,0,0,0,0,0,1,1,0,0,0,0,0,1,0,0,0,1,1
37245,0,0,1.008988,0,0.0,0.0,372,180,9,552,547.0828196172799,61.33333333333334,8.91982858071652,2.066666666666667,0,0,0,0,0,0,1,1,0,0,0,0,0,1,0,0,0,1,1
37409,0,0,3.166836,0,0.0,0.0,248,0,4,248,78.31160186381612,62.0,1.2630903526421955,88.58003629764065,0,0,0,0,0,1,0,1,0,0,0,0,0,1,0,0,1,0,1
37736,0,0,1.10906,0,0.0,0.0,372,180,9,552,497.7187888842804,61.33333333333334,8.11498025354805,2.066666666666667,0,0,0,0,0,0,1,1,0,0,0,0,0,1,0,0,0,1,1
37754,0,0,1.008865,0,0.0,0.0,372,180,9,552,547.1495195095479,61.33333333333334,8.920916078960019,2.066666666666667,0,0,0,0,0,0,1,1,0,0,0,0,0,1,0,0,0,1,1
37915,0,0,9.012381,0,0.0,0.0,372,0,6,372,41.27655055861487,62.0,0.6657508154615301,88.58003629764065,0,0,0,0,0,1,0,1,0,0,0,0,0,1,0,0,1,0,1
38053,0,0,1.00896,0,0.0,0.0,372,180,9,552,547.0980019029495,61.33333333333334,8.920076117982873,2.066666666666667,0,0,0,0,0,0,1,1,0,0,0,0,0,1,0,0,0,1,1
38076,0,0,0.42782600000000004,0,0.0,0.0,930,470,15,1400,3272.3583886907286,93.33333333333331,35.060982735972104,1.9787234042553192,0,0,0,1,0,0,0,1,0,0,0,0,0,1,0,0,0,1,1
38253,0,0,1.538018,0,0.0,0.0,372,180,9,552,358.9034718709404,61.33333333333334,5.851687041374028,2.066666666666667,0,0,0,0,0,0,1,1,0,0,0,0,0,1,0,0,0,1,1
38524,0,0,1.0082659999999999,0,0.0,0.0,372,180,9,552,547.4745751617132,61.33333333333334,8.926215899375759,2.066666666666667,0,0,0,0,0,0,1,1,0,0,0,0,0,1,0,0,0,1,1
38554,0,0,3.25123,0,0.0,0.0,1214,462,17,1676,515.497211824448,98.58823529411764,5.228790334734853,2.627705627705628,0,0,0,1,0,0,0,1,0,0,0,0,0,1,0,0,0,1,1
38556,0,0,1.008371,0,0.0,0.0,372,180,9,552,547.4175675421051,61.33333333333334,8.925286427316928,2.066666666666667,0,0,0,0,0,0,1,1,0,0,0,0,0,1,0,0,0,1,1
38586,0,0,1.009239,0,0.0,0.0,372,180,9,552,546.946758894573,61.33333333333334,8.917610199368037,2.066666666666667,0,0,0,0,0,0,1,1,0,0,0,0,0,1,0,0,0,1,1
38660,0,0,4.8742779999999994,0,0.0,0.0,2028,558,17,2586,530.5401128126052,152.11764705882354,3.487696023903437,3.6344086021505375,0,0,0,1,0,0,0,1,0,0,0,0,0,1,0,0,1,0,1
38682,0,0,1.0081280000000001,0,0.0,0.0,372,180,9,552,547.5495175215847,61.33333333333334,8.92743778567801,2.066666666666667,0,0,0,0,0,0,1,1,0,0,0,0,0,1,0,0,0,1,1
38724,0,0,1.009066,0,0.0,0.0,372,180,9,552,547.0405305500334,61.33333333333334,8.919139085054892,2.066666666666667,0,0,0,0,0,0,1,1,0,0,0,0,0,1,0,0,0,1,1
38760,0,0,3.0038419999999997,0,0.0,0.0,248,0,4,248,82.56093363099656,62.0,1.331627961790267,88.58003629764065,0,0,0,0,0,1,0,1,0,0,0,0,0,1,0,0,1,0,1
38903,0,0,2.555064,0,0.0,0.0,9638,20939,57,30577,11967.214911250758,536.438596491228,22.308638844271613,0.4602894121018196,0,0,0,1,0,0,0,1,0,0,0,0,0,1,0,0,0,1,1
39016,0,0,1.111453,0,0.0,0.0,372,180,9,552,496.6471816622025,61.33333333333334,8.097508396666344,2.066666666666667,0,0,0,0,0,0,1,1,0,0,0,0,0,1,0,0,0,1,1
39207,0,0,9.092584,0,0.0,0.0,372,0,6,372,40.91246228794807,62.0,0.6598784239991624,88.58003629764065,0,0,0,0,0,1,0,1,0,0,0,0,0,1,0,0,0,1,1
39566,0,0,3.3323620000000003,0,0.0,0.0,1248,462,17,1710,513.1495317735588,100.58823529411764,5.101486573187427,2.7012987012987013,0,0,0,1,0,0,0,1,0,0,0,0,0,1,0,0,0,1,1
39627,0,0,1.109312,0,0.0,0.0,372,180,9,552,497.60572318698433,61.33333333333334,8.113136791092138,2.066666666666667,0,0,0,0,0,0,1,1,0,0,0,0,0,1,0,0,0,1,1
39684,0,0,2.944343,0,0.0,0.0,248,0,4,248,84.22931703269627,62.0,1.3585373714951008,88.58003629764065,0,0,0,0,0,1,0,1,0,0,0,0,0,1,0,0,1,0,1
39787,0,0,1.009184,0,0.0,0.0,372,180,9,552,546.976567206773,61.33333333333334,8.918096204458255,2.066666666666667,0,0,0,0,0,0,1,1,0,0,0,0,0,1,0,0,0,1,1
39982,0,0,1.540222,0,0.0,0.0,372,180,9,552,358.38989444378797,61.33333333333334,5.8433134963661075,2.066666666666667,0,0,0,0,0,0,1,1,0,0,0,0,0,1,0,0,0,1,1
40114,0,0,9.012371,0,0.0,0.0,372,0,6,372,41.276596358494345,62.0,0.6657515541692636,88.58003629764065,0,0,0,0,0,1,0,1,0,0,0,0,0,1,0,0,1,0,1
40133,0,0,1.038268,0,0.0,0.0,372,180,9,552,531.6546402277639,61.33333333333334,8.668282177626589,2.066666666666667,0,0,0,0,0,0,1,1,0,0,0,0,0,1,0,0,0,1,1
40187,0,0,1.196836,0,0.0,0.0,5548,15438,37,20986,17534.56613938752,567.1891891891893,30.914845475904798,0.35937297577406396,0,0,0,1,0,0,0,1,0,0,0,0,0,1,0,0,0,1,1
40367,0,0,1.869277,0,0.0,0.0,372,180,9,552,295.30133843191777,61.33333333333334,4.814695735303006,2.066666666666667,0,0,0,0,0,0,1,1,0,0,0,0,0,1,0,0,1,0,1
40431,0,0,0.349277,0,0.0,0.0,1124,522,16,1646,4712.592011498037,102.875,45.808913842022235,2.153256704980843,0,0,0,1,0,0,0,1,0,0,0,0,0,1,0,0,0,1,1
40449,0,0,1.008358,0,0.0,0.0,372,180,9,552,547.4246249843803,61.33333333333334,8.925401494310552,2.066666666666667,0,0,0,0,0,0,1,1,0,0,0,0,0,1,0,0,0,1,1
40489,0,0,0.6389279999999999,0,0.0,0.0,3212,1137,18,4349,6806.713745523753,241.61111111111111,28.17218841559612,2.8249780123131045,0,0,0,1,0,0,0,1,0,0,0,0,0,1,0,0,0,1,1
40542,0,0,9.012300999999999,0,0.0,0.0,372,0,6,372,41.27691696049654,62.0,0.6657567251692991,88.58003629764065,0,0,0,0,0,1,0,1,0,0,0,0,0,1,0,0,0,1,1
40741,0,0,1.009097,0,0.0,0.0,372,180,9,552,547.0237251721094,61.33333333333334,8.91886508432787,2.066666666666667,0,0,0,0,0,0,1,1,0,0,0,0,0,1,0,0,0,1,1
40924,0,0,1.0083520000000001,0,0.0,0.0,372,180,9,552,547.4278823268065,61.33333333333334,8.925454603154455,2.066666666666667,0,0,0,0,0,0,1,1,0,0,0,0,0,1,0,0,0,1,1
40929,0,0,1.0086760000000001,0,0.0,0.0,372,180,9,552,547.2520412897701,61.33333333333334,8.922587629724509,2.066666666666667,0,0,0,0,0,0,1,1,0,0,0,0,0,1,0,0,0,1,1
41093,0,0,1.149894,0,0.0,0.0,7120,4964,30,12084,10508.794723687575,402.8,26.089361280257133,1.434327155519742,0,0,0,1,0,0,0,1,0,0,0,0,0,1,0,0,0,1,1
41551,0,0,2.94409,0,0.0,0.0,248,0,4,248,84.23655526835117,62.0,1.3586541172314706,88.58003629764065,0,0,0,0,0,1,0,1,0,0,0,0,0,1,0,0,1,0,1
41747,0,0,1.008801,0,0.0,0.0,372,180,9,552,547.184231577883,61.33333333333334,8.921482036595918,2.066666666666667,0,0,0,0,0,0,1,1,0,0,0,0,0,1,0,0,0,1,1
41824,0,0,10.297461,0,0.0,0.0,3844,5634,35,9478,920.4210630173787,270.8,3.398896096814545,0.6822861199858005,0,0,0,1,0,0,0,1,0,0,0,0,0,1,0,1,0,0,1
41955,0,0,1.00892,0,0.0,0.0,372,180,9,552,547.1196923442889,61.33333333333334,8.920429766482973,2.066666666666667,0,0,0,0,0,0,1,1,0,0,0,0,0,1,0,0,0,1,1
41967,0,0,9.012583,0,0.0,0.0,372,0,6,372,41.27562542281164,62.0,0.6657358939163168,88.58003629764065,0,0,0,0,0,1,0,1,0,0,0,0,0,1,0,0,0,1,1
42038,0,0,2.6588700000000003,0,0.0,0.0,2518,1260,25,3778,1420.9043691493,151.12,9.402490531692033,1.9984126984126984,0,0,0,1,0,0,0,1,0,0,0,0,0,1,0,1,0,0,1
42113,0,0,0.41124099999999997,0,0.0,0.0,928,470,15,1398,3399.4664928837346,93.2,36.47496236999715,1.974468085106383,0,0,0,1,0,0,0,1,0,0,0,0,0,1,0,0,0,1,1
42364,0,0,9.067336,0,0.0,0.0,3760,4048,34,7808,861.1129001947211,229.64705882352942,3.749723182200373,0.9288537549407114,0,0,0,1,0,0,0,1,0,0,0,0,0,1,0,1,0,0,1
42387,0,0,1.0089860000000002,0,0.0,0.0,372,180,9,552,547.0839040383116,61.33333333333334,8.919846261494211,2.066666666666667,0,0,0,0,0,0,1,1,0,0,0,0,0,1,0,0,0,1,1
42472,0,0,1.008912,0,0.0,0.0,372,180,9,552,547.1240306389457,61.33333333333334,8.920500499548028,2.066666666666667,0,0,0,0,0,0,1,1,0,0,0,0,0,1,0,0,0,1,1
42583,0,0,32.579075,0,0.0,0.0,4980,1901,50,6881,211.20918872006038,137.62,1.5347274285718668,2.619673855865334,0,0,0,1,0,0,0,1,0,0,0,0,0,1,0,0,0,1,1
42670,0,0,0.4652689999999999,0,0.0,0.0,1280,558,15,1838,3950.4028852126416,122.53333333333332,32.23941418835126,2.2939068100358417,0,0,0,1,0,0,0,1,0,0,0,0,0,1,0,0,1,0,1
42723,0,0,2.953522,0,0.0,0.0,248,0,4,248,83.96754789705308,62.0,1.3543152886621463,88.58003629764065,0,0,0,0,0,1,0,1,0,0,0,0,0,1,0,0,1,0,1
42781,0,0,0.570524,0,0.0,0.0,3292,1161,18,4453,7805.105481977971,247.38888888888889,31.54994356065652,2.8354866494401376,0,0,0,1,0,0,0,1,0,0,0,0,0,1,0,0,0,1,1
43042,0,0,1.0756299999999999,0,0.0,0.0,8562,6382,32,14944,13893.253256231234,467.0,29.750006972657882,1.3415857098088373,0,0,0,1,0,0,0,1,0,0,0,0,0,1,0,0,0,1,1
43212,0,0,1.115993,0,0.0,0.0,2968,4084,23,7052,6319.036051301397,306.60869565217394,20.60944826714863,0.7267384916748286,0,0,0,1,0,0,0,1,0,0,0,0,0,1,0,0,0,1,1
43372,0,0,0.186437,0,0.0,0.0,2006,1042,15,3048,16348.686151354077,203.2,80.45613263461652,1.9251439539347408,0,0,0,1,0,0,0,1,0,0,0,0,0,1,0,0,0,1,1
43478,0,0,1.008915,0,0.0,0.0,372,180,9,552,547.122403770387,61.33333333333334,8.92047397451718,2.066666666666667,0,0,0,0,0,0,1,1,0,0,0,0,0,1,0,0,0,1,1
43563,0,0,7.832402,0,0.0,0.0,8284,2983,85,11267,1438.5114553619696,132.5529411764706,10.852354105420025,2.777070063694268,0,0,0,1,0,0,0,1,0,0,0,0,0,1,0,0,0,1,1
43595,0,0,3.114109,0,0.0,0.0,248,0,4,248,79.63754640572955,62.0,1.2844765549311217,88.58003629764065,0,0,0,0,0,1,0,1,0,0,0,0,0,1,0,0,1,0,1
43608,0,0,2.9730849999999998,0,0.0,0.0,248,0,4,248,83.41503858786412,62.0,1.3454038481913566,88.58003629764065,0,0,0,0,0,1,0,1,0,0,0,0,0,1,0,0,1,0,1
43640,0,0,8.877396000000003,0,0.0,0.0,372,0,6,372,41.90418000954333,62.0,0.6758738711216665,88.58003629764065,0,0,0,0,0,1,0,1,0,0,0,0,0,1,0,0,0,1,1
43678,0,0,1.008222,0,0.0,0.0,372,180,9,552,547.4984675993978,61.33333333333334,8.926605449990179,2.066666666666667,0,0,0,0,0,0,1,1,0,0,0,0,0,1,0,0,0,1,1
43778,0,0,1.011045,0,0.0,0.0,372,180,9,552,545.969763957094,61.33333333333334,8.901680934083053,2.066666666666667,0,0,0,0,0,0,1,1,0,0,0,0,0,1,0,0,0,1,1
43910,0,0,1.008934,0,0.0,0.0,372,180,9,552,547.1121004941849,61.33333333333334,8.920305986318233,2.066666666666667,0,0,0,0,0,0,1,1,0,0,0,0,0,1,0,0,0,1,1
43945,0,0,33.055969,0,0.0,0.0,4906,2217,59,7123,215.48301911827184,120.72881355932205,1.7848516254356364,2.2129003157419938,0,0,0,1,0,0,0,1,0,0,0,0,0,1,0,0,0,1,1
43946,0,0,8.992682,0,0.0,0.0,372,0,6,372,41.36696927568438,62.0,0.6672091818658772,88.58003629764065,0,0,0,0,0,1,0,1,0,0,0,0,0,1,0,0,0,1,1
44002,0,0,1.008424,0,0.0,0.0,372,180,9,552,547.3887967759593,61.33333333333334,8.924817338738466,2.066666666666667,0,0,0,0,0,0,1,1,0,0,0,0,0,1,0,0,0,1,1
44279,0,0,2.964063,0,0.0,0.0,248,0,4,248,83.66893686132852,62.0,1.349498981634331,88.58003629764065,0,0,0,0,0,1,0,1,0,0,0,0,0,1,0,0,1,0,1
44303,0,0,1.995564,0,0.0,0.0,5352,10178,39,15530,7782.261055020035,398.2051282051282,19.54334714396532,0.5258400471605423,0,0,0,1,0,0,0,1,0,0,0,0,0,1,0,0,0,1,1
44311,0,0,6.7824860000000005,0,0.0,0.0,2962,5633,35,8595,1267.2344624080315,245.57142857142856,5.160349759660397,0.5258299307651341,0,0,0,1,0,0,0,1,0,0,0,0,0,1,0,1,0,0,1
44343,0,0,1.733475,0,0.0,0.0,372,180,9,552,318.4355124821529,61.33333333333334,5.191883355687276,2.066666666666667,0,0,0,0,0,0,1,1,0,0,0,0,0,1,0,0,0,1,1
44363,0,0,1.0091139999999998,0,0.0,0.0,372,180,9,552,547.0145097580651,61.33333333333334,8.918714833011931,2.066666666666667,0,0,0,0,0,0,1,1,0,0,0,0,0,1,0,0,0,1,1
44490,0,0,2.2437419999999997,0,0.0,0.0,372,180,9,552,246.0175902577034,61.33333333333334,4.011156362897339,2.066666666666667,0,0,0,0,0,0,1,1,0,0,0,0,0,1,0,0,0,1,1
44567,0,0,1.009391,0,0.0,0.0,372,180,9,552,546.8643964529108,61.33333333333334,8.916267333471371,2.066666666666667,0,0,0,0,0,0,1,1,0,0,0,0,0,1,0,0,0,1,1
44755,0,0,1.008967,0,0.0,0.0,372,180,9,552,547.0942062525337,61.33333333333334,8.920014232378264,2.066666666666667,0,0,0,0,0,0,1,1,0,0,0,0,0,1,0,0,0,1,1
45061,0,0,3.003703,0,0.0,0.0,248,0,4,248,82.5647542383518,62.0,1.3316895844895449,88.58003629764065,0,0,0,0,0,1,0,1,0,0,0,0,0,1,0,0,1,0,1
45221,0,0,1.819647,0,0.0,0.0,2802,38863,65,41665,22897.29821223567,641.0,35.72121405965003,0.07209942618943467,0,0,0,1,0,0,0,1,0,0,0,0,0,1,0,0,0,1,1
45335,0,0,2.9847639999999998,0,0.0,0.0,248,0,4,248,83.08864620452405,62.0,1.340139454911678,88.58003629764065,0,0,0,0,0,1,0,1,0,0,0,0,0,1,0,0,1,0,1
45337,0,0,8.952055999999997,0,0.0,0.0,372,0,6,372,41.554699836551535,62.0,0.6702370941379279,88.58003629764065,0,0,0,0,0,1,0,1,0,0,0,0,0,1,0,0,0,1,1
45404,0,0,7.317977000000001,0,0.0,0.0,2690,1846,27,4536,619.8434348727798,168.0,3.689544255195117,1.4572047670639219,0,0,0,1,0,0,0,1,0,0,0,0,0,1,0,1,0,0,1
45511,0,0,1.0887280000000001,0,0.0,0.0,372,180,9,552,507.013689369613,61.33333333333334,8.266527544069778,2.066666666666667,0,0,0,0,0,0,1,1,0,0,0,0,0,1,0,0,0,1,1
45541,0,0,0.24521300000000001,0,0.0,0.0,2038,1081,18,3119,12719.55402038228,173.27777777777774,73.40556985151684,1.885291396854764,0,0,0,1,0,0,0,1,0,0,0,0,0,1,0,0,0,1,1
45585,0,0,2.933995,0,0.0,0.0,248,0,4,248,84.5263880817793,62.0,1.3633288400286983,88.58003629764065,0,0,0,0,0,1,0,1,0,0,0,0,0,1,0,0,1,0,1
45594,0,0,1.0085469999999999,0,0.0,0.0,372,180,9,552,547.3220385366274,61.33333333333334,8.923728889184142,2.066666666666667,0,0,0,0,0,0,1,1,0,0,0,0,0,1,0,0,0,1,1
45622,0,0,2.865602,0,0.0,0.0,8892,1684,43,10576,3690.673024376728,245.95348837209306,15.005573000018845,5.280285035629453,0,0,0,1,0,0,0,1,0,0,0,0,0,1,0,1,0,0,1
45749,0,0,2.506166,0,0.0,0.0,2488,1298,25,3786,1510.6740734652053,151.44,9.975396681624444,1.9167950693374425,0,0,0,1,0,0,0,1,0,0,0,0,0,1,0,1,0,0,1
45847,0,0,1.0086540000000002,0,0.0,0.0,372,180,9,552,547.2639775383827,61.33333333333334,8.922782242473634,2.066666666666667,0,0,0,0,0,0,1,1,0,0,0,0,0,1,0,0,0,1,1
45999,0,0,8.912754,0,0.0,0.0,372,0,6,372,41.73794093273527,62.0,0.6731925956892786,88.58003629764065,0,0,0,0,0,1,0,1,0,0,0,0,0,1,0,0,0,1,1
46024,0,0,2.9243330000000003,0,0.0,0.0,248,0,4,248,84.80566337691363,62.0,1.3678332802728006,88.58003629764065,0,0,0,0,0,1,0,1,0,0,0,0,0,1,0,0,1,0,1
46367,0,0,4.855232,0,0.0,0.0,7398,1019,21,8417,1733.593780894507,400.80952380952385,4.325231008528531,7.260058881256134,0,0,0,1,0,0,0,1,0,0,0,0,0,1,0,0,0,1,1
46421,0,0,1.008489,0,0.0,0.0,372,180,9,552,547.3535160026535,61.33333333333334,8.924242108738916,2.066666666666667,0,0,0,0,0,0,1,1,0,0,0,0,0,1,0,0,0,1,1
46429,0,0,2.043548,0,0.0,0.0,3934,20736,44,24670,12072.141197564235,560.6818181818181,21.53118008483285,0.18971836419753085,0,0,0,1,0,0,0,1,0,0,0,0,0,1,0,0,0,1,1
46449,0,0,2.974696,0,0.0,0.0,248,0,4,248,83.36986367682614,62.0,1.3446752205939698,88.58003629764065,0,0,0,0,0,1,0,1,0,0,0,0,0,1,0,0,1,0,1
46528,0,0,37.896374,0,0.0,0.0,4432,1961,51,6393,168.6968784929133,125.35294117647058,1.3457751921067698,2.2600713921468643,0,0,0,1,0,0,0,1,0,0,0,0,0,1,0,0,0,1,1
46832,0,0,1.008515,0,0.0,0.0,372,180,9,552,547.3394049667086,61.33333333333334,8.924012037500681,2.066666666666667,0,0,0,0,0,0,1,1,0,0,0,0,0,1,0,0,0,1,1
46849,0,0,1.008759,0,0.0,0.0,372,180,9,552,547.20701376642,61.33333333333334,8.921853485322064,2.066666666666667,0,0,0,0,0,0,1,1,0,0,0,0,0,1,0,0,0,1,1
46926,0,0,8.948972,0,0.0,0.0,372,0,6,372,41.569020441677544,62.0,0.6704680716399605,88.58003629764065,0,0,0,0,0,1,0,1,0,0,0,0,0,1,0,0,1,0,1
47043,0,0,1.008775,0,0.0,0.0,372,180,9,552,547.1983346137642,61.33333333333334,8.92171197739833,2.066666666666667,0,0,0,0,0,0,1,1,0,0,0,0,0,1,0,0,0,1,1
47066,0,0,1.04752,0,0.0,0.0,372,180,9,552,526.9589124789981,61.33333333333334,8.591721399114098,2.066666666666667,0,0,0,0,0,0,1,1,0,0,0,0,0,1,0,0,1,0,1
47089,0,0,3.357529,0,0.0,0.0,1334,522,20,1856,552.787481507978,92.8,5.956761654180798,2.555555555555556,0,0,0,0,0,0,1,1,0,0,0,0,0,1,0,0,0,1,1
47177,0,0,1.008724,0,0.0,0.0,372,180,9,552,547.2260003727482,61.33333333333334,8.922163049555676,2.066666666666667,0,0,0,0,0,0,1,1,0,0,0,0,0,1,0,0,0,1,1
47255,0,0,0.16954,0,0.0,0.0,2082,1042,15,3124,18426.33006960009,208.26666666666668,88.47469623687626,1.9980806142034548,0,0,0,1,0,0,0,1,0,0,0,0,0,1,0,0,0,1,1
47261,0,0,1.0088469999999998,0,0.0,0.0,372,180,9,552,547.159281833618,61.33333333333334,8.921075247287252,2.066666666666667,0,0,0,0,0,0,1,1,0,0,0,0,0,1,0,0,0,1,1
47333,0,0,1.008294,0,0.0,0.0,372,180,9,552,547.4593719688901,61.33333333333334,8.925968021231903,2.066666666666667,0,0,0,0,0,0,1,1,0,0,0,0,0,1,0,0,0,1,1
47486,0,0,9.012783,0,0.0,0.0,372,0,6,372,41.274709487624406,62.0,0.6657211207681356,88.58003629764065,0,0,0,0,0,1,0,1,0,0,0,0,0,1,0,0,0,1,1
47544,0,0,1.008787,0,0.0,0.0,372,180,9,552,547.191825429947,61.33333333333334,8.921605849401312,2.066666666666667,0,0,0,0,0,0,1,1,0,0,0,0,0,1,0,0,0,1,1
47717,0,0,0.027385000000000003,0,0.0,0.0,124,60,3,184,6719.006755523095,61.33333333333334,109.54902318787657,2.066666666666667,0,0,0,0,0,0,1,1,0,0,0,0,0,1,0,0,0,1,1
47801,0,0,1.009182,0,0.0,0.0,372,180,9,552,546.9776512066207,61.33333333333334,8.91811387836882,2.066666666666667,0,0,0,0,0,0,1,1,0,0,0,0,0,1,0,0,0,1,1
47856,0,0,1.008694,0,0.0,0.0,372,180,9,552,547.2422756554515,61.33333333333334,8.92242840742584,2.066666666666667,0,0,0,0,0,0,1,1,0,0,0,0,0,1,0,0,0,1,1
47977,0,0,1.009658,0,0.0,0.0,372,180,9,552,546.7197803612709,61.33333333333334,8.913909462412025,2.066666666666667,0,0,0,0,0,0,1,1,0,0,0,0,0,1,0,0,0,1,1
48024,0,0,0.8568020000000001,0,0.0,0.0,5506,15647,39,21153,24688.317721013722,542.3846153846154,45.51810103151019,0.3518885409343644,0,0,0,1,0,0,0,1,0,0,0,0,0,1,0,0,0,1,1
48127,0,0,3.228053,0,0.0,0.0,3818,20906,45,24724,7659.105968830126,549.4222222222222,13.940291562746953,0.1826269970343442,0,0,0,1,0,0,0,1,0,0,0,0,0,1,0,0,0,1,1
48129,0,0,21.400368,0,0.0,0.0,3300,126,16,3426,160.09070498226947,214.125,0.7476506946048778,26.190476190476193,0,0,0,0,0,0,1,1,0,0,0,0,0,1,0,0,1,0,1
48425,0,0,1.279111,0,0.0,0.0,372,180,9,552,431.5497247697815,61.33333333333334,7.036136816898612,2.066666666666667,0,0,0,0,0,0,1,1,0,0,0,0,0,1,0,0,0,1,1
48477,0,0,1.108711,0,0.0,0.0,372,180,9,552,497.87546078283697,61.33333333333334,8.11753468667669,2.066666666666667,0,0,0,0,0,0,1,1,0,0,0,0,0,1,0,0,0,1,1
48544,0,0,0.40925,0,0.0,0.0,924,470,15,1394,3406.230910201589,92.93333333333334,36.65241295051924,1.9659574468085104,0,0,0,1,0,0,0,1,0,0,0,0,0,1,0,0,0,1,1
48912,0,0,1.009261,0,0.0,0.0,372,180,9,552,546.9348364793647,61.33333333333334,8.917415812163554,2.066666666666667,0,0,0,0,0,0,1,1,0,0,0,0,0,1,0,0,0,1,1
49007,0,0,4.099261,0,0.0,0.0,3764,4002,34,7766,1894.4878113396533,228.41176470588238,8.294177901821817,0.9405297351324338,0,0,0,1,0,0,0,1,0,0,0,0,0,1,0,1,0,0,1
49064,0,0,1.0480530000000001,0,0.0,0.0,372,180,9,552,526.6909211652463,61.33333333333334,8.587351975520322,2.066666666666667,0,0,0,0,0,0,1,1,0,0,0,0,0,1,0,0,1,0,1
49305,0,0,9.383022,0,0.0,0.0,1338,522,20,1860,198.23037822995616,93.0,2.1315094433328623,2.5632183908045976,0,0,0,1,0,0,0,1,0,0,0,0,0,1,0,0,0,1,1
49555,0,0,1.009028,0,0.0,0.0,372,180,9,552,547.0611320994067,61.33333333333334,8.919474979881626,2.066666666666667,0,0,0,0,0,0,1,1,0,0,0,0,0,1,0,0,0,1,1
49557,0,0,32.923149,0,0.0,0.0,7714,2571,76,10285,312.39417590340463,135.32894736842104,2.308406161269689,3.0003889537145083,0,0,0,1,0,0,0,1,0,0,0,0,0,1,0,0,0,1,1
49653,0,0,9.012942,0,0.0,0.0,372,0,6,372,41.273981348154685,62.0,0.6657093765831401,88.58003629764065,0,0,0,0,0,1,0,1,0,0,0,0,0,1,0,0,0,1,1
49672,0,0,3.114559,0,0.0,0.0,248,0,4,248,79.62604015528362,62.0,1.2842909702465102,88.58003629764065,0,0,0,0,0,1,0,1,0,0,0,0,0,1,0,0,1,0,1
49850,0,0,2.933695,0,0.0,0.0,248,0,4,248,84.53503176028866,62.0,1.363468254198204,88.58003629764065,0,0,0,0,0,1,0,1,0,0,0,0,0,1,0,0,1,0,1
49893,0,0,0.9818120000000001,0,0.0,0.0,5796,8538,28,14334,14599.536367451203,511.9285714285714,28.518698080691614,0.6788475052705552,0,0,0,1,0,0,0,1,0,0,0,0,0,1,0,0,0,1,1
49900,0,0,1.0086950000000001,0,0.0,0.0,372,180,9,552,547.2417331304309,61.33333333333334,8.922419561909198,2.066666666666667,0,0,0,0,0,0,1,1,0,0,0,0,0,1,0,0,0,1,1
49956,0,0,2.9544509999999997,0,0.0,0.0,248,0,4,248,83.94114507229938,62.0,1.35388943664999,88.58003629764065,0,0,0,0,0,1,0,1,0,0,0,0,0,1,0,0,1,0,1
50034,0,0,1.008142,0,0.0,0.0,372,180,9,552,547.5419137383424,61.33333333333334,8.927313810951235,2.066666666666667,0,0,0,0,0,0,1,1,0,0,0,0,0,1,0,0,0,1,1
50117,0,0,9.01206,0,0.0,0.0,372,0,6,372,41.27802078548079,62.0,0.6657745287980772,88.58003629764065,0,0,0,0,0,1,0,1,0,0,0,0,0,1,0,0,0,1,1
50534,0,0,1.008833,0,0.0,0.0,372,180,9,552,547.1668749931852,61.33333333333334,8.921199048801931,2.066666666666667,0,0,0,0,0,0,1,1,0,0,0,0,0,1,0,0,0,1,1
50637,0,0,1.00871,0,0.0,0.0,372,180,9,552,547.2335953842037,61.33333333333334,8.922286881264187,2.066666666666667,0,0,0,0,0,0,1,1,0,0,0,0,0,1,0,0,0,1,1
50791,0,0,1.108843,0,0.0,0.0,372,180,9,552,497.81619219312375,61.33333333333334,8.116568350974845,2.066666666666667,0,0,0,0,0,0,1,1,0,0,0,0,0,1,0,0,0,1,1
50955,0,0,9.000486,0,0.0,0.0,372,0,6,372,41.33110145385482,62.0,0.6666306686105616,88.58003629764065,0,0,0,0,0,1,0,1,0,0,0,0,0,1,0,0,0,1,1
51084,0,0,8.934471,0,0.0,0.0,372,0,6,372,41.63648860688003,62.0,0.6715562678529037,88.58003629764065,0,0,0,0,0,1,0,1,0,0,0,0,0,1,0,0,1,0,1
51169,0,0,1.008633,0,0.0,0.0,372,180,9,552,547.275371715976,61.33333333333334,8.922968017108305,2.066666666666667,0,0,0,0,0,0,1,1,0,0,0,0,0,1,0,0,0,1,1
51208,0,0,9.013056,0,0.0,0.0,372,0,6,372,41.27345930170633,62.0,0.6657009564791342,88.58003629764065,0,0,0,0,0,1,0,1,0,0,0,0,0,1,0,0,0,1,1
51335,0,0,2.963764,0,0.0,0.0,248,0,4,248,83.67737782090613,62.0,1.3496351261436472,88.58003629764065,0,0,0,0,0,1,0,1,0,0,0,0,0,1,0,0,1,0,1
51397,0,0,1.28746,0,0.0,0.0,372,180,9,552,428.7511845028195,61.33333333333334,6.990508442980754,2.066666666666667,0,0,0,0,0,0,1,1,0,0,0,0,0,1,0,0,0,1,1
51582,0,0,1.086241,0,0.0,0.0,3212,1161,18,4373,4025.8101102793953,242.94444444444446,16.570908297514087,2.7665805340223946,0,0,0,1,0,0,0,1,0,0,0,0,0,1,0,0,0,1,1
51717,0,0,1.008269,0,0.0,0.0,372,180,9,552,547.4729462078076,61.33333333333334,8.926189340344688,2.066666666666667,0,0,0,0,0,0,1,1,0,0,0,0,0,1,0,0,0,1,1
52022,0,0,0.49681400000000003,0,0.0,0.0,2126,1103,18,3229,6499.414267713873,179.38888888888889,36.230863059414595,1.927470534904805,0,0,0,0,0,0,1,1,0,0,0,0,0,1,0,0,0,1,1
52051,0,0,2.944138,0,0.0,0.0,248,0,4,248,84.23518191063054,62.0,1.3586319663004929,88.58003629764065,0,0,0,0,0,1,0,1,0,0,0,0,0,1,0,0,1,0,1
52101,0,0,1.7059389999999999,0,0.0,0.0,5054,21798,41,26852,15740.304899530403,654.9268292682926,24.03368467453995,0.23185613359023766,0,0,0,1,0,0,0,1,0,0,0,0,0,1,0,0,0,1,1
52110,0,0,2.98421,0,0.0,0.0,248,0,4,248,83.10407109419243,62.0,1.3403882434547167,88.58003629764065,0,0,0,0,0,1,0,1,0,0,0,0,0,1,0,0,1,0,1
52592,0,0,1.008322,0,0.0,0.0,372,180,9,552,547.444169620419,61.33333333333334,8.925720156854656,2.066666666666667,0,0,0,0,0,0,1,1,0,0,0,0,0,1,0,0,0,1,1
52614,0,0,1.008766,0,0.0,0.0,372,180,9,552,547.2032166032559,61.33333333333334,8.921791575053087,2.066666666666667,0,0,0,0,0,0,1,1,0,0,0,0,0,1,0,0,0,1,1
52761,0,0,1.0083600000000001,0,0.0,0.0,372,180,9,552,547.4235392121861,61.33333333333334,8.925383791503037,2.066666666666667,0,0,0,0,0,0,1,1,0,0,0,0,0,1,0,0,0,1,1
52796,0,0,1.128254,0,0.0,0.0,2904,4084,23,6988,6193.640793651074,303.82608695652175,20.385480574409662,0.7110675808031341,0,0,0,1,0,0,0,1,0,0,0,0,0,1,0,0,0,1,1
52891,0,0,6.044843,0,0.0,0.0,2766,4009,34,6775,1120.790068493094,199.2647058823529,5.624629126017003,0.6899476178598154,0,0,0,1,0,0,0,1,0,0,0,0,0,1,0,1,0,0,1
53054,0,0,0.186944,0,0.0,0.0,1988,1042,15,3030,16208.062307428965,202.0,80.23793221499488,1.907869481765835,0,0,0,1,0,0,0,1,0,0,0,0,0,1,0,0,0,1,1
53105,0,0,9.01334,0,0.0,0.0,372,0,6,372,41.272158822367736,62.0,0.6656799810059313,88.58003629764065,0,0,0,0,0,1,0,1,0,0,0,0,0,1,0,0,0,1,1
53110,0,0,1.008926,0,0.0,0.0,372,180,9,552,547.1164386684453,61.33333333333334,8.920376717420305,2.066666666666667,0,0,0,0,0,0,1,1,0,0,0,0,0,1,0,0,0,1,1
53141,0,0,1.008485,0,0.0,0.0,372,180,9,552,547.3556869958403,61.33333333333334,8.92427750536696,2.066666666666667,0,0,0,0,0,0,1,1,0,0,0,0,0,1,0,0,0,1,1
53269,0,0,1.3078459999999998,0,0.0,0.0,372,180,9,552,422.0680416501637,61.33333333333334,6.8815441573396265,2.066666666666667,0,0,0,0,0,0,1,1,0,0,0,0,0,1,0,0,0,1,1
53303,0,0,1.909245,0,0.0,0.0,5308,10298,38,15606,8173.911677128917,410.68421052631584,19.903155435787447,0.5154398912410176,0,0,0,1,0,0,0,1,0,0,0,0,0,1,0,0,0,1,1
53348,0,0,8.952413,0,0.0,0.0,372,0,6,372,41.55304273830978,62.0,0.6702103667469318,88.58003629764065,0,0,0,0,0,1,0,1,0,0,0,0,0,1,0,0,1,0,1
53349,0,0,2.1710599999999998,0,0.0,0.0,5720,8537,28,14257,6566.838318609342,509.1785714285714,12.896925925584734,0.6700245988052009,0,0,0,1,0,0,0,1,0,0,0,0,0,1,0,0,0,1,1
53551,0,0,1.00912,0,0.0,0.0,372,180,9,552,547.0112573331219,61.33333333333334,8.918661804344381,2.066666666666667,0,0,0,0,0,0,1,1,0,0,0,0,0,1,0,0,0,1,1
53590,0,0,1.348248,0,0.0,0.0,372,180,9,552,409.42022535913287,61.33333333333334,6.6753297612902065,2.066666666666667,0,0,0,0,0,0,1,1,0,0,0,0,0,1,0,0,1,0,1
53682,0,0,0.9334379999999999,0,0.0,0.0,6044,6259,32,12303,13180.307636929287,384.46875,34.281869818884594,0.96564946477073,0,0,0,1,0,0,0,1,0,0,0,0,0,1,0,0,0,1,1
53835,0,0,2.9602060000000003,0,0.0,0.0,3844,5706,35,9550,3226.126830362481,272.85714285714283,11.823501472532651,0.673676831405538,0,0,0,1,0,0,0,1,0,0,0,0,0,1,0,1,0,0,1
53868,0,0,3.4189190000000003,0,0.0,0.0,1044,470,17,1514,442.8300290237937,89.05882352941177,4.9723318978893625,2.2212765957446807,0,0,0,1,0,0,0,1,0,0,0,0,0,1,0,0,0,1,1
54147,0,0,1.0089110000000001,0,0.0,0.0,372,180,9,552,547.1245729306154,61.33333333333334,8.920509341260033,2.066666666666667,0,0,0,0,0,0,1,1,0,0,0,0,0,1,0,0,0,1,1
54267,0,0,7.9540320000000015,0,0.0,0.0,390,1913,14,2303,289.53868930876814,164.5,1.7601136128192592,0.20386826973340305,0,0,1,0,0,0,0,1,0,0,0,0,0,1,0,0,0,1,1
54369,0,0,1.789539,0,0.0,0.0,4012,20851,46,24863,13893.522298200824,540.5,25.70494412248071,0.19241283391683853,0,0,0,1,0,0,0,1,0,0,0,0,0,1,0,0,0,1,1
54497,0,0,1.914625,0,0.0,0.0,4880,21959,44,26839,14017.888620487041,609.9772727272727,22.981001501599533,0.2222323420920807,0,0,0,1,0,0,0,1,0,0,0,0,0,1,0,0,0,1,1
54563,0,0,9.006426,0,0.0,0.0,372,0,6,372,41.303842389866965,62.0,0.666191006288177,88.58003629764065,0,0,0,0,0,1,0,1,0,0,0,0,0,1,0,0,1,0,1
54662,0,0,0.037408,0,0.0,0.0,1258,253,11,1511,40392.429426860566,137.36363636363637,294.05474764756207,4.972332015810276,0,0,0,0,0,0,1,1,0,0,0,0,0,1,0,0,0,1,1
54909,0,0,2.934573,0,0.0,0.0,248,0,4,248,84.50973957710374,62.0,1.3630603157597374,88.58003629764065,0,0,0,0,0,1,0,1,0,0,0,0,0,1,0,0,1,0,1
54944,0,0,1.009688,0,0.0,0.0,372,180,9,552,546.7035361418576,61.33333333333334,8.913644611008552,2.066666666666667,0,0,0,0,0,0,1,1,0,0,0,0,0,1,0,0,0,1,1
54950,0,0,1.009174,0,0.0,0.0,372,180,9,552,546.9819872489778,61.33333333333334,8.918184574711596,2.066666666666667,0,0,0,0,0,0,1,1,0,0,0,0,0,1,0,0,0,1,1
54974,0,0,2.9985180000000002,0,0.0,0.0,248,0,4,248,82.70752418361337,62.0,1.3339923255421513,88.58003629764065,0,0,0,0,0,1,0,1,0,0,0,0,0,1,0,0,1,0,1
55385,0,0,1.008216,0,0.0,0.0,372,180,9,552,547.5017258206575,61.33333333333334,8.926658573162893,2.066666666666667,0,0,0,0,0,0,1,1,0,0,0,0,0,1,0,0,0,1,1
55557,0,0,2.994167,0,0.0,0.0,248,0,4,248,82.82771134676189,62.0,1.3359308281735789,88.58003629764065,0,0,0,0,0,1,0,1,0,0,0,0,0,1,0,0,1,0,1
55606,0,0,1.243415,0,0.0,0.0,5880,8536,28,14416,11593.87654162126,514.8571428571429,22.518628133004672,0.6888472352389878,0,0,0,1,0,0,0,1,0,0,0,0,0,1,0,0,0,1,1
55696,0,0,1.4525620000000001,0,0.0,0.0,6580,7661,34,14241,9804.056556622025,418.85294117647067,23.40691825891081,0.8588957055214724,0,0,0,1,0,0,0,1,0,0,0,0,0,1,0,0,0,1,1
55764,0,0,33.660309000000005,0,0.0,0.0,4562,3260,79,7822,232.38051676828042,99.01265822784809,2.346977860482504,1.3993865030674846,0,0,0,1,0,0,0,1,0,0,0,0,0,1,0,1,0,0,1
55843,0,0,2.930571,0,0.0,0.0,248,0,4,248,84.62514643050791,62.0,1.3649217166210954,88.58003629764065,0,0,0,0,0,1,0,1,0,0,0,0,0,1,0,0,1,0,1
55864,0,0,1.009157,0,0.0,0.0,372,180,9,552,546.9912015672487,61.33333333333334,8.918334808161664,2.066666666666667,0,0,0,0,0,0,1,1,0,0,0,0,0,1,0,0,0,1,1
55973,0,0,11.017017,0,0.0,0.0,2452,1258,25,3710,336.7517722810086,148.4,2.269216794346419,1.94912559618442,0,0,0,1,0,0,0,1,0,0,0,0,0,1,0,1,0,0,1
55995,0,0,44.129482,0,0.0,0.0,4410,2771,73,7181,162.72568075918042,98.36986301369863,1.654222907035256,1.5914832190544934,0,0,0,1,0,0,0,1,0,0,0,0,0,1,0,1,0,0,1
56014,0,0,3.003894,0,0.0,0.0,248,0,4,248,82.55950442991664,62.0,1.331604910159946,88.58003629764065,0,0,0,0,0,1,0,1,0,0,0,0,0,1,0,0,1,0,1
56056,0,0,2.933552,0,0.0,0.0,248,0,4,248,84.53915253590186,62.0,1.3635347183209978,88.58003629764065,0,0,0,0,0,1,0,1,0,0,0,0,0,1,0,0,1,0,1
56065,0,0,1.0086620000000002,0,0.0,0.0,372,180,9,552,547.2596370240972,61.33333333333334,8.922711473218977,2.066666666666667,0,0,0,0,0,0,1,1,0,0,0,0,0,1,0,0,0,1,1
56233,0,0,4.46127,0,0.0,0.0,2454,1258,25,3712,832.0500664608957,148.48,5.603785469160126,1.9507154213036568,0,0,0,1,0,0,0,1,0,0,0,0,0,1,0,1,0,0,1
56279,0,0,1.008924,0,0.0,0.0,372,180,9,552,547.1175232227602,61.33333333333334,8.920394400371087,2.066666666666667,0,0,0,0,0,0,1,1,0,0,0,0,0,1,0,0,0,1,1
56377,0,0,1.008792,0,0.0,0.0,372,180,9,552,547.1891133157282,61.33333333333334,8.921561630147743,2.066666666666667,0,0,0,0,0,0,1,1,0,0,0,0,0,1,0,0,0,1,1
56431,0,0,0.958305,0,0.0,0.0,372,180,9,552,576.0170300687151,61.33333333333334,9.39158201198992,2.066666666666667,0,0,0,0,0,0,1,1,0,0,0,0,0,1,0,0,0,1,1
56523,0,0,0.806497,0,0.0,0.0,6476,13318,38,19794,24543.178709902208,520.8947368421053,47.1173482356413,0.4862591980777895,0,0,0,1,0,0,0,1,0,0,0,0,0,1,0,0,0,1,1
56602,0,0,1.009121,0,0.0,0.0,372,180,9,552,547.0107152660584,61.33333333333334,8.91865296629443,2.066666666666667,0,0,0,0,0,0,1,1,0,0,0,0,0,1,0,0,0,1,1
56727,0,0,2.913903,0,0.0,0.0,248,0,4,248,85.10921605832452,62.0,1.372729291263299,88.58003629764065,0,0,0,0,0,1,0,1,0,0,0,0,0,1,0,0,1,0,1
56763,0,0,9.013049,0,0.0,0.0,372,0,6,372,41.27349135680944,62.0,0.6657014734969264,88.58003629764065,0,0,0,0,0,1,0,1,0,0,0,0,0,1,0,0,1,0,1
56808,0,0,3.0042459999999997,0,0.0,0.0,248,0,4,248,82.5498311389946,62.0,1.3314488893386227,88.58003629764065,0,0,0,0,0,1,0,1,0,0,0,0,0,1,0,0,1,0,1
56814,0,0,1.008438,0,0.0,0.0,372,180,9,552,547.3811974558674,61.33333333333334,8.924693436780446,2.066666666666667,0,0,0,0,0,0,1,1,0,0,0,0,0,1,0,0,0,1,1
57242,0,0,1.004677,0,0.0,0.0,372,180,9,552,549.4303144194603,61.33333333333334,8.958102952491199,2.066666666666667,0,0,0,0,0,0,1,1,0,0,0,0,0,1,0,0,0,1,1
57330,0,0,9.013182,0,0.0,0.0,372,0,6,372,41.27288231836437,62.0,0.6656916502961995,88.58003629764065,0,0,0,0,0,1,0,1,0,0,0,0,0,1,0,0,1,0,1
57336,0,0,2.944337,0,0.0,0.0,248,0,4,248,84.22948867605848,62.0,1.3585401399364272,88.58003629764065,0,0,0,0,0,1,0,1,0,0,0,0,0,1,0,0,1,0,1
57528,0,0,3.360792,0,0.0,0.0,2810,1806,29,4616,1373.485773591463,159.17241379310346,8.628918421610145,1.5559246954595791,0,0,0,1,0,0,0,1,0,0,0,0,0,1,0,1,0,0,1
57667,0,0,1.008672,0,0.0,0.0,372,180,9,552,547.2542114780622,61.33333333333334,8.922623013229275,2.066666666666667,0,0,0,0,0,0,1,1,0,0,0,0,0,1,0,0,0,1,1
57842,0,0,1.008686,0,0.0,0.0,372,180,9,552,547.2466158943416,61.33333333333334,8.922499172190355,2.066666666666667,0,0,0,0,0,0,1,1,0,0,0,0,0,1,0,0,0,1,1
58239,0,0,3.2444740000000003,0,0.0,0.0,7560,1019,21,8579,2644.188241298897,408.5238095238095,6.472543777512162,7.419038272816486,0,0,0,1,0,0,0,1,0,0,0,0,0,1,0,0,0,1,1
58248,0,0,2.922367,0,0.0,0.0,248,0,4,248,84.86271573693516,62.0,1.3687534796279863,88.58003629764065,0,0,0,0,0,1,0,1,0,0,0,0,0,1,0,0,1,0,1
58307,0,0,3.004181,0,0.0,0.0,248,0,4,248,82.55161722945455,62.0,1.331477697249267,88.58003629764065,0,0,0,0,0,1,0,1,0,0,0,0,0,1,0,0,1,0,1
58311,0,0,1.008769,0,0.0,0.0,372,180,9,552,547.2015892637462,61.33333333333334,8.921765042343688,2.066666666666667,0,0,0,0,0,0,1,1,0,0,0,0,0,1,0,0,0,1,1
58377,0,0,1.008801,0,0.0,0.0,372,180,9,552,547.184231577883,61.33333333333334,8.921482036595918,2.066666666666667,0,0,0,0,0,0,1,1,0,0,0,0,0,1,0,0,0,1,1
58395,0,0,2.0588509999999998,0,0.0,0.0,5192,10178,37,15370,7465.328962610698,415.40540540540536,17.97118878442393,0.5101198663784634,0,0,0,1,0,0,0,1,0,0,0,0,0,1,0,0,0,1,1
58572,0,0,2.973449,0,0.0,0.0,248,0,4,248,83.40482718889747,62.0,1.3452391482080237,88.58003629764065,0,0,0,0,0,1,0,1,0,0,0,0,0,1,0,0,1,0,1
58967,0,0,0.327519,0,0.0,0.0,1534,543,15,2077,6341.61682223016,138.46666666666667,45.79886968389621,2.825046040515654,0,0,0,1,0,0,0,1,0,0,0,0,0,1,0,0,0,1,1
59083,0,0,33.100388,0,0.0,0.0,4170,2964,70,7134,215.52617449680645,101.91428571428571,2.1147788358251267,1.4068825910931173,0,0,0,1,0,0,0,1,0,0,0,0,0,1,0,1,0,0,1
59126,0,0,1.098857,0,0.0,0.0,372,180,9,552,502.3401589105771,61.33333333333334,8.190328677889845,2.066666666666667,0,0,0,0,0,0,1,1,0,0,0,0,0,1,0,0,0,1,1
59185,0,0,1.008518,0,0.0,0.0,372,180,9,552,547.3377768170723,61.33333333333334,8.923985491582698,2.066666666666667,0,0,0,0,0,0,1,1,0,0,0,0,0,1,0,0,0,1,1
59519,0,0,1.008677,0,0.0,0.0,372,180,9,552,547.2514987453862,61.33333333333334,8.922578783892169,2.066666666666667,0,0,0,0,0,0,1,1,0,0,0,0,0,1,0,0,0,1,1
59556,0,0,1.0093159999999999,0,0.0,0.0,372,180,9,552,546.9050327152248,61.33333333333334,8.916929881226492,2.066666666666667,0,0,0,0,0,0,1,1,0,0,0,0,0,1,0,0,0,1,1
59651,0,0,1.989336,0,0.0,0.0,5312,10204,39,15516,7799.587400016891,397.8461538461538,19.60453136121801,0.5205801646413172,0,0,0,1,0,0,0,1,0,0,0,0,0,1,0,0,0,1,1
59885,0,0,1.00921,0,0.0,0.0,372,180,9,552,546.9624755997265,61.33333333333334,8.917866449995541,2.066666666666667,0,0,0,0,0,0,1,1,0,0,0,0,0,1,0,0,0,1,1
59907,0,0,2.9840459999999998,0,0.0,0.0,248,0,4,248,83.10863840570822,62.0,1.3404619097694874,88.58003629764065,0,0,0,0,0,1,0,1,0,0,0,0,0,1,0,0,1,0,1
60022,0,0,1.9597229999999999,0,0.0,0.0,3812,20962,46,24774,12641.582509364844,538.5652173913044,23.47270507107382,0.18185287663390895,0,0,0,1,0,0,0,1,0,0,0,0,0,1,0,0,0,1,1
60566,0,0,1.008061,0,0.0,0.0,372,180,9,552,547.5859099796538,61.33333333333334,8.92803114097262,2.066666666666667,0,0,0,0,0,0,1,1,0,0,0,0,0,1,0,0,0,1,1
60950,0,0,1.2564620000000002,0,0.0,0.0,6594,32671,61,39265,31250.44768564429,643.688524590164,48.549020981135904,0.20183036944078847,0,0,0,1,0,0,0,1,0,0,0,0,0,1,0,0,0,1,1
61077,0,0,1.009064,0,0.0,0.0,372,180,9,552,547.0416148034218,61.33333333333334,8.919156763099268,2.066666666666667,0,0,0,0,0,0,1,1,0,0,0,0,0,1,0,0,0,1,1
61150,0,0,5.282446,0,0.0,0.0,3724,5705,33,9429,1784.9685543401674,285.72727272727275,6.247105980827821,0.6527607361963189,0,0,0,1,0,0,0,1,0,0,0,0,0,1,0,1,0,0,1
61204,0,0,2.954329,0,0.0,0.0,248,0,4,248,83.94461144984191,62.0,1.353945345965192,88.58003629764065,0,0,0,0,0,1,0,1,0,0,0,0,0,1,0,0,1,0,1
61250,0,0,0.324921,0,0.0,0.0,1526,543,15,2069,6367.7016874871115,137.93333333333334,46.165067816484616,2.810313075506446,0,0,0,1,0,0,0,1,0,0,0,0,0,1,0,0,0,1,1
61415,0,0,1.008883,0,0.0,0.0,372,180,9,552,547.139757533827,61.33333333333334,8.9207569163124,2.066666666666667,0,0,0,0,0,0,1,1,0,0,0,0,0,1,0,0,0,1,1
61582,0,0,1.008405,0,0.0,0.0,372,180,9,552,547.3991104764455,61.33333333333334,8.924985496898568,2.066666666666667,0,0,0,0,0,0,1,1,0,0,0,0,0,1,0,0,0,1,1
61585,0,0,1.008749,0,0.0,0.0,372,180,9,552,547.2124383766428,61.33333333333334,8.921941930053961,2.066666666666667,0,0,0,0,0,0,1,1,0,0,0,0,0,1,0,0,0,1,1
61634,0,0,2.009251,0,0.0,0.0,6396,32605,58,39001,19410.715734370668,672.4310344827586,28.866478105522905,0.1961662321729796,0,0,0,1,0,0,0,1,0,0,0,0,0,1,0,0,0,1,1
61644,0,0,8.9763,0,0.0,0.0,372,0,6,372,41.442465158250066,62.0,0.6684268573911301,88.58003629764065,0,0,0,0,0,1,0,1,0,0,0,0,0,1,0,0,0,1,1
61685,0,0,2.034205,0,0.0,0.0,372,180,9,552,271.35908131186386,61.33333333333334,4.424332847476041,2.066666666666667,0,0,0,0,0,0,1,1,0,0,0,0,0,1,0,0,1,0,1
61848,0,0,1.452461,0,0.0,0.0,5464,15541,39,21005,14461.661965450363,538.5897435897435,26.850979131281317,0.3515861270188533,0,0,0,1,0,0,0,1,0,0,0,0,0,1,0,0,0,1,1
62013,0,0,1.5398040000000002,0,0.0,0.0,4680,21857,40,26537,17234.011601476548,663.425,25.977332179939786,0.2141190465297159,0,0,0,1,0,0,0,1,0,0,0,0,0,1,0,0,0,1,1
62128,0,0,0.26040100000000005,0,0.0,0.0,1902,1016,15,2918,11205.794140575495,194.53333333333333,57.603465424479936,1.872047244094488,0,0,0,1,0,0,0,1,0,0,0,0,0,1,0,0,0,1,1
62755,0,0,0.605598,0,0.0,0.0,6552,13280,37,19832,32747.79639298677,536.0,61.09663506154247,0.4933734939759036,0,0,0,1,0,0,0,1,0,0,0,0,0,1,0,0,0,1,1
62982,0,0,3.034621,0,0.0,0.0,248,0,4,248,81.72354966237958,62.0,1.3181217687480578,88.58003629764065,0,0,0,0,0,1,0,1,0,0,0,0,0,1,0,0,1,0,1
63017,0,0,1.009421,0,0.0,0.0,372,180,9,552,546.8481436387791,61.33333333333334,8.916002341936617,2.066666666666667,0,0,0,0,0,0,1,1,0,0,0,0,0,1,0,0,0,1,1
63431,0,0,1.008852,0,0.0,0.0,372,180,9,552,547.1565700419883,61.33333333333334,8.921031033293287,2.066666666666667,0,0,0,0,0,0,1,1,0,0,0,0,0,1,0,0,0,1,1
63487,0,0,1.0080639999999998,0,0.0,0.0,372,180,9,552,547.5842803631516,61.33333333333334,8.928004571138342,2.066666666666667,0,0,0,0,0,0,1,1,0,0,0,0,0,1,0,0,0,1,1
63488,0,0,2.944048,0,0.0,0.0,248,0,4,248,84.2377569930925,62.0,1.3586734998885888,88.58003629764065,0,0,0,0,0,1,0,1,0,0,0,0,0,1,0,0,1,0,1
63576,0,0,0.184049,0,0.0,0.0,2010,1075,15,3085,16761.840596797592,205.66666666666663,81.50003531668197,1.869767441860465,0,0,0,1,0,0,0,1,0,0,0,0,0,1,0,0,0,1,1
64118,0,0,2.823793,0,0.0,0.0,248,0,4,248,87.82513449109051,62.0,1.4165344272756537,88.58003629764065,0,0,0,0,0,1,0,1,0,0,0,0,0,1,0,0,1,0,1
64202,0,0,1.100139,0,0.0,0.0,5420,15649,39,21069,19151.21634629806,540.2307692307694,35.45006585531465,0.3463480094574733,0,0,0,1,0,0,0,1,0,0,0,0,0,1,0,0,0,1,1
64365,0,0,1.018745,0,0.0,0.0,372,180,9,552,541.8431501504302,61.33333333333334,8.834399187235274,2.066666666666667,0,0,0,0,0,0,1,1,0,0,0,0,0,1,0,0,0,1,1
64375,0,0,2.9541459999999997,0,0.0,0.0,248,0,4,248,83.94981155298349,62.0,1.3540292185965082,88.58003629764065,0,0,0,0,0,1,0,1,0,0,0,0,0,1,0,0,1,0,1
64414,0,0,3.3854800000000003,0,0.0,0.0,1472,462,17,1934,571.2631591384383,113.76470588235294,5.021444521899405,3.186147186147186,0,0,0,1,0,0,0,1,0,0,0,0,0,1,0,0,0,1,1
64596,0,0,0.20463399999999998,0,0.0,0.0,2012,1057,15,3069,14997.507745535933,204.6,73.30160188433985,1.903500473036897,0,0,0,1,0,0,0,1,0,0,0,0,0,1,0,0,0,1,1
64662,0,0,1.008321,0,0.0,0.0,372,180,9,552,547.4447125468972,61.33333333333334,8.925729008916806,2.066666666666667,0,0,0,0,0,0,1,1,0,0,0,0,0,1,0,0,0,1,1
64906,0,0,1.009092,0,0.0,0.0,372,180,9,552,547.0264356470965,61.33333333333334,8.918909276854835,2.066666666666667,0,0,0,0,0,0,1,1,0,0,0,0,0,1,0,0,0,1,1
65122,0,0,2.9435830000000003,0,0.0,0.0,248,0,4,248,84.25106409433674,62.0,1.3588881305538179,88.58003629764065,0,0,0,0,0,1,0,1,0,0,0,0,0,1,0,0,1,0,1
65203,0,0,2.914191,0,0.0,0.0,248,0,4,248,85.10080499184849,62.0,1.3725936289007823,88.58003629764065,0,0,0,0,0,1,0,1,0,0,0,0,0,1,0,0,1,0,1
65338,0,0,1.0086600000000001,0,0.0,0.0,372,180,9,552,547.2607221462139,61.33333333333334,8.9227291654274,2.066666666666667,0,0,0,0,0,0,1,1,0,0,0,0,0,1,0,0,0,1,1
65814,0,0,0.908373,0,0.0,0.0,372,180,9,552,607.6798848050305,61.33333333333334,9.907824208777672,2.066666666666667,0,0,0,0,0,0,1,1,0,0,0,0,0,1,0,0,0,1,1
65819,0,0,0.408072,0,0.0,0.0,928,470,15,1398,3425.866023642887,93.2,36.75821913779922,1.974468085106383,0,0,0,1,0,0,0,1,0,0,0,0,0,1,0,0,0,1,1
65877,0,0,2.994325,0,0.0,0.0,248,0,4,248,82.82334081971729,62.0,1.3358603358018921,88.58003629764065,0,0,0,0,0,1,0,1,0,0,0,0,0,1,0,0,1,0,1
65975,0,0,0.714069,0,0.0,0.0,6554,13262,37,19816,27750.81959866624,535.5675675675676,51.815720889717944,0.494193937565978,0,0,0,1,0,0,0,1,0,0,0,0,0,1,0,0,0,1,1
66140,0,0,1.2310379999999999,0,0.0,0.0,8168,5984,30,14152,11495.98956327912,471.73333333333335,24.369678271507453,1.3649732620320856,0,0,0,1,0,0,0,1,0,0,0,0,0,1,0,0,0,1,1
66205,0,0,3.078016,0,0.0,0.0,2422,1214,25,3636,1181.2804091986527,145.44,8.122115024743211,1.9950576606260295,0,0,0,1,0,0,0,1,0,0,0,0,0,1,0,1,0,0,1
66268,0,0,2.9236619999999998,0,0.0,0.0,248,0,4,248,84.82512684434793,62.0,1.3681472071669023,88.58003629764065,0,0,0,0,0,1,0,1,0,0,0,0,0,1,0,0,1,0,1
66316,0,0,1.008577,0,0.0,0.0,372,180,9,552,547.305758509266,61.33333333333334,8.923463453955424,2.066666666666667,0,0,0,0,0,0,1,1,0,0,0,0,0,1,0,0,0,1,1
66431,0,0,8.957206,0,0.0,0.0,372,0,6,372,41.53080770945762,62.0,0.6698517372493165,88.58003629764065,0,0,0,0,0,1,0,1,0,0,0,0,0,1,0,0,1,0,1
66533,0,0,1.009263,0,0.0,0.0,372,180,9,552,546.9337526492103,61.33333333333334,8.917398141019733,2.066666666666667,0,0,0,0,0,0,1,1,0,0,0,0,0,1,0,0,0,1,1
66591,0,0,1.008394,0,0.0,0.0,372,180,9,552,547.4050817438422,61.33333333333334,8.925082854519166,2.066666666666667,0,0,0,0,0,0,1,1,0,0,0,0,0,1,0,0,0,1,1
66723,0,0,8.944072,0,0.0,0.0,372,0,6,372,41.59179398376936,62.0,0.6708353868349897,88.58003629764065,0,0,0,0,0,1,0,1,0,0,0,0,0,1,0,0,1,0,1
66761,0,0,2.943741,0,0.0,0.0,248,0,4,248,84.24654207010738,62.0,1.3588151946791514,88.58003629764065,0,0,0,0,0,1,0,1,0,0,0,0,0,1,0,0,1,0,1
66963,0,0,2.9131400000000003,0,0.0,0.0,248,0,4,248,85.13150758288306,62.0,1.373088831981985,88.58003629764065,0,0,0,0,0,1,0,1,0,0,0,0,0,1,0,0,1,0,1
66964,0,0,0.531986,0,0.0,0.0,1280,558,15,1838,3454.9781385224433,122.53333333333332,28.1962307278763,2.2939068100358417,0,0,0,1,0,0,0,1,0,0,0,0,0,1,0,0,1,0,1
67018,0,0,3.050493,0,0.0,0.0,248,0,4,248,81.29833440037396,62.0,1.3112634580705478,88.58003629764065,0,0,0,0,0,1,0,1,0,0,0,0,0,1,0,0,1,0,1
67153,0,0,1.008791,0,0.0,0.0,372,180,9,552,547.1896557364212,61.33333333333334,8.921570473963389,2.066666666666667,0,0,0,0,0,0,1,1,0,0,0,0,0,1,0,0,0,1,1
67701,0,0,1.047409,0,0.0,0.0,1170,558,15,1728,1649.7853274126917,115.2,14.321053189346282,2.096774193548387,0,0,0,1,0,0,0,1,0,0,0,0,0,1,0,0,1,0,1
67838,0,0,1.008874,0,0.0,0.0,372,180,9,552,547.1446384781449,61.33333333333334,8.920836496926276,2.066666666666667,0,0,0,0,0,0,1,1,0,0,0,0,0,1,0,0,0,1,1
67911,0,0,1.009296,0,0.0,0.0,372,180,9,552,546.9158700718125,61.33333333333334,8.917106577257812,2.066666666666667,0,0,0,0,0,0,1,1,0,0,0,0,0,1,0,0,0,1,1
67934,0,0,0.998598,0,0.0,0.0,372,180,9,552,552.7749905367325,61.33333333333334,9.012635715272813,2.066666666666667,0,0,0,0,0,0,1,1,0,0,0,0,0,1,0,0,0,1,1
68144,0,0,3.004357,0,0.0,0.0,248,0,4,248,82.54678122473459,62.0,1.3313996971731388,88.58003629764065,0,0,0,0,0,1,0,1,0,0,0,0,0,1,0,0,1,0,1
68678,0,0,3.243575,0,0.0,0.0,8892,1716,43,10608,3270.4654586374604,246.69767441860463,13.256977255034954,5.181818181818182,0,0,0,1,0,0,0,1,0,0,0,0,0,1,0,1,0,0,1
68743,0,0,8.937923,0,0.0,0.0,372,0,6,372,41.62040778377706,62.0,0.6712968997383397,88.58003629764065,0,0,0,0,0,1,0,1,0,0,0,0,0,1,0,0,0,1,1
68789,0,0,1.578403,0,0.0,0.0,5626,15473,38,21099,13367.308602429164,555.2368421052631,24.07496691275929,0.3636011116137789,0,0,0,1,0,0,0,1,0,0,0,0,0,1,0,0,0,1,1
68881,0,0,1.008368,0,0.0,0.0,372,180,9,552,547.4191961664791,61.33333333333334,8.925312980975198,2.066666666666667,0,0,0,0,0,0,1,1,0,0,0,0,0,1,0,0,0,1,1
69041,0,0,0.9945309999999999,0,0.0,0.0,1522,13489,27,15011,15093.54660639035,555.9629629629628,27.148475009828747,0.11283267847876048,0,0,0,1,0,0,0,1,0,0,0,0,0,1,0,0,0,1,1
69125,0,0,9.013041000000001,0,0.0,0.0,372,0,6,372,41.27352799127397,62.0,0.6657020643753868,88.58003629764065,0,0,0,0,0,1,0,1,0,0,0,0,0,1,0,0,1,0,1
69250,0,0,1.00935,0,0.0,0.0,372,180,9,552,546.8866101946797,61.33333333333334,8.916629514043693,2.066666666666667,0,0,0,0,0,0,1,1,0,0,0,0,0,1,0,0,0,1,1
69388,0,0,1.008646,0,0.0,0.0,372,180,9,552,547.2683181215214,61.33333333333334,8.922853012850892,2.066666666666667,0,0,0,0,0,0,1,1,0,0,0,0,0,1,0,0,0,1,1
69471,0,0,1.008742,0,0.0,0.0,372,180,9,552,547.2162356677921,61.33333333333334,8.922003842409655,2.066666666666667,0,0,0,0,0,0,1,1,0,0,0,0,0,1,0,0,0,1,1
69722,0,0,1.009034,0,0.0,0.0,372,180,9,552,547.0578791200296,61.33333333333334,8.919421942174399,2.066666666666667,0,0,0,0,0,0,1,1,0,0,0,0,0,1,0,0,0,1,1
69863,0,0,3.6591949999999995,0,0.0,0.0,7482,1019,21,8501,2323.188570163656,404.80952380952385,5.738967177207009,7.342492639842982,0,0,0,1,0,0,0,1,0,0,0,0,0,1,0,0,0,1,1
69919,0,0,2.974239,0,0.0,0.0,248,0,4,248,83.38267368560496,62.0,1.3448818336387898,88.58003629764065,0,0,0,0,0,1,0,1,0,0,0,0,0,1,0,0,1,0,1
69977,0,0,1.008605,0,0.0,0.0,372,180,9,552,547.2905646908354,61.33333333333334,8.923215728654924,2.066666666666667,0,0,0,0,0,0,1,1,0,0,0,0,0,1,0,0,0,1,1
70015,0,0,0.9299040000000001,0,0.0,0.0,5878,8536,28,14414,15500.524785354188,514.7857142857143,30.110635076308952,0.6886129334582943,0,0,0,1,0,0,0,1,0,0,0,0,0,1,0,0,0,1,1
70198,0,0,1.1592770000000001,0,0.0,0.0,4732,31077,60,35809,30889.08000417502,596.8166666666667,51.7563964436455,0.1522669498342826,0,0,0,1,0,0,0,1,0,0,0,0,0,1,0,0,0,1,1
70236,0,0,1.79535,0,0.0,0.0,2430,1256,25,3686,2053.08157183836,147.44,13.924861447628595,1.9347133757961783,0,0,0,1,0,0,0,1,0,0,0,0,0,1,0,1,0,0,1
70530,0,0,0.847617,0,0.0,0.0,1672,8870,26,10542,12437.221056208171,405.46153846153845,30.674231404042157,0.18850056369785795,0,0,0,1,0,0,0,1,0,0,0,0,0,1,0,0,0,1,1
70708,0,0,1.008659,0,0.0,0.0,372,180,9,552,547.2612647088856,61.33333333333334,8.92273801155792,2.066666666666667,0,0,0,0,0,0,1,1,0,0,0,0,0,1,0,0,0,1,1
70814,0,0,9.012505,0,0.0,0.0,372,0,6,372,41.27598264855332,62.0,0.6657416556218276,88.58003629764065,0,0,0,0,0,1,0,1,0,0,0,0,0,1,0,0,1,0,1
70873,0,0,1.117438,0,0.0,0.0,2808,4612,23,7420,6640.18943332874,322.60869565217394,20.582797434846498,0.608846487424111,0,0,0,1,0,0,0,1,0,0,0,0,0,1,0,0,0,1,1
70942,0,0,1.0083010000000001,0,0.0,0.0,372,180,9,552,547.455571302617,61.33333333333334,8.925906053847017,2.066666666666667,0,0,0,0,0,0,1,1,0,0,0,0,0,1,0,0,0,1,1
71213,0,0,1.519998,0,0.0,0.0,3990,9862,33,13852,9113.16988574985,419.75757575757575,21.710554882309054,0.404583248833908,0,0,0,1,0,0,0,1,0,0,0,0,0,1,0,0,0,1,1
71361,0,0,8.902092,0,0.0,0.0,372,0,6,372,41.787930297732274,62.0,0.6739988757698753,88.58003629764065,0,0,0,0,0,1,0,1,0,0,0,0,0,1,0,0,0,1,1
71486,0,0,1.1170879999999999,0,0.0,0.0,372,180,9,552,494.14191182789534,61.33333333333334,8.056661605889598,2.066666666666667,0,0,0,0,0,0,1,1,0,0,0,0,0,1,0,0,0,1,1
71632,0,0,3.1154330000000003,0,0.0,0.0,248,0,4,248,79.6037019573202,62.0,1.2839306767309708,88.58003629764065,0,0,0,0,0,1,0,1,0,0,0,0,0,1,0,0,1,0,1
71743,0,0,2.915981,0,0.0,0.0,248,0,4,248,85.0485651312543,62.0,1.3717510505041013,88.58003629764065,0,0,0,0,0,1,0,1,0,0,0,0,0,1,0,0,1,0,1
71900,0,0,2.974511,0,0.0,0.0,248,0,4,248,83.37504887357956,62.0,1.34475885279967,88.58003629764065,0,0,0,0,0,1,0,1,0,0,0,0,0,1,0,0,1,0,1
72270,0,0,1.008605,0,0.0,0.0,372,180,9,552,547.2905646908354,61.33333333333334,8.923215728654924,2.066666666666667,0,0,0,0,0,0,1,1,0,0,0,0,0,1,0,0,0,1,1
72504,0,0,0.34973000000000004,0,0.0,0.0,1090,462,15,1552,4437.709089869327,103.46666666666668,42.89022960569581,2.3593073593073592,0,0,0,1,0,0,0,1,0,0,0,0,0,1,0,0,0,1,1
72527,0,0,0.41307,0,0.0,0.0,932,470,15,1402,3394.0978526641966,93.46666666666668,36.31345776744862,1.9829787234042555,0,0,0,1,0,0,0,1,0,0,0,0,0,1,0,0,0,1,1
72800,0,0,1.008635,0,0.0,0.0,372,180,9,552,547.2742865357637,61.33333333333334,8.92295032395267,2.066666666666667,0,0,0,0,0,0,1,1,0,0,0,0,0,1,0,0,0,1,1
72852,0,0,9.012374000000001,0,0.0,0.0,372,0,6,372,41.276582618519825,62.0,0.6657513325567714,88.58003629764065,0,0,0,0,0,1,0,1,0,0,0,0,0,1,0,0,1,0,1
73020,0,0,1.008605,0,0.0,0.0,372,180,9,552,547.2905646908354,61.33333333333334,8.923215728654924,2.066666666666667,0,0,0,0,0,0,1,1,0,0,0,0,0,1,0,0,0,1,1
73233,0,0,1.240952,0,0.0,0.0,6424,7045,34,13469,10853.763884501575,396.14705882352933,27.39831999948427,0.9118523775727466,0,0,0,1,0,0,0,1,0,0,0,0,0,1,0,0,0,1,1
73258,0,0,1.008666,0,0.0,0.0,372,180,9,552,547.2574667927738,61.33333333333334,8.922676089012617,2.066666666666667,0,0,0,0,0,0,1,1,0,0,0,0,0,1,0,0,0,1,1
73386,0,0,1.007959,0,0.0,0.0,372,180,9,552,547.641322712531,61.33333333333334,8.92893460944344,2.066666666666667,0,0,0,0,0,0,1,1,0,0,0,0,0,1,0,0,0,1,1
73403,0,0,0.241121,0,0.0,0.0,2168,1082,18,3250,13478.709859365215,180.55555555555557,74.65131614417658,2.00369685767098,0,0,0,1,0,0,0,1,0,0,0,0,0,1,0,0,0,1,1
73436,0,0,3.5518059999999996,0,0.0,0.0,4584,1984,51,6568,1849.200097077374,128.78431372549022,14.358892349413226,2.3104838709677415,0,0,0,1,0,0,0,1,0,0,0,0,0,1,0,0,0,1,1
73550,0,0,1.61581,0,0.0,0.0,6276,32284,56,38560,23864.19195326183,688.5714285714287,34.65754018108565,0.1943997026390782,0,0,0,1,0,0,0,1,0,0,0,0,0,1,0,0,0,1,1
73599,0,0,1.315318,0,0.0,0.0,372,180,9,552,419.670376289232,61.33333333333334,6.842451787324435,2.066666666666667,0,0,0,0,0,0,1,1,0,0,0,0,0,1,0,0,1,0,1
73779,0,0,1.176281,0,0.0,0.0,8448,7083,33,15531,13203.477740437871,470.6363636363636,28.054520986056904,1.1927149512918256,0,0,0,1,0,0,0,1,0,0,0,0,0,1,0,0,0,1,1
73832,0,0,1.185327,0,0.0,0.0,372,180,9,552,465.6942767691953,61.33333333333334,7.592841469062967,2.066666666666667,0,0,0,0,0,0,1,1,0,0,0,0,0,1,0,0,0,1,1
74292,0,0,0.9875149999999999,0,0.0,0.0,372,180,9,552,558.9788509541627,61.33333333333334,9.113785613383088,2.066666666666667,0,0,0,0,0,0,1,1,0,0,0,0,0,1,0,0,0,1,1
74328,0,0,1.490075,0,0.0,0.0,3812,4752,26,8564,5747.361709981042,329.38461538461536,17.448786134926095,0.8021885521885522,0,0,0,1,0,0,0,1,0,0,0,0,0,1,0,0,0,1,1
